"id_topico","total_questionarios","questionarios_presentes","eixo_codigo","eixo_nome","dimensao_codigo","dimensao_nome","secao_referencia","tipo_pergunta","Q1_Discentes","Q2_Docentes","Q3_Agentes_Universitarios","Q4_NEADUNI_Discentes","Q5_HUOP","Q6_Publico_Externo","texto_pergunta","resumo_texto"
"TOP_001",6,"Q1, Q2, Q3, Q4, Q5, Q6","E2","EIXO 2 – DESENVOLVIMENTO INSTITUCIONAL","D3","Dimensão 3: Responsabilidade Social da Instituição","Eixo 2","Likert","E2D3P20","E2D3P22","E2D3P17","E2D3P18","E2D3P19","E2D3P7","A Missão da UNIOESTE como instituição pública multicampi (de produzir, sistematizar e socializar o conhecimento, contribuir com o desenvolvimento humano, científico, tecnológico e regional, e comprometer-se com a justiça, a democracia, a cidadania e a responsabilidade social) está sendo cumprida.","A Missão da UNIOESTE como instituição pública multicampi está sendo cumprida."
"TOP_002",6,"Q1, Q2, Q3, Q4, Q5, Q6","E2","EIXO 2 – DESENVOLVIMENTO INSTITUCIONAL","D3","Dimensão 3: Responsabilidade Social da Instituição","Eixo 2","Likert","E2D3P21","E2D3P23","E2D3P18","E2D3P19","E2D3P20","E2D3P8","A Visão da Universidade de ser referência como universidade pública na produção e socialização do conhecimento, comprometida com a formação de profissionais para atuar com base em princípios éticos para o exercício da cidadania, está sendo alcançada.","A Visão da Universidade de ser referência como universidade pública na produção e socialização do conhecimento, comprometida com a formação de..."
"TOP_003",6,"Q1, Q2, Q3, Q4, Q5, Q6","E5","EIXO 5 – INFRAESTRUTURA FÍSICA","D7","Dimensão 7: Infraestrutura Física","Eixo 5","Likert","E5D7P116","E5D11P149","E5D11P130","E5D7P62","E5D11P132","E5D7P30","A QUALIDADE GERAL DO MEU CURSO para o ensino, pesquisa e extensão é excelente.","A QUALIDADE GERAL DO MEU CURSO para o ensino, pesquisa e extensão é excelente."
"TOP_004",6,"Q1, Q2, Q3, Q4, Q5, Q6","E5","EIXO 5 – INFRAESTRUTURA FÍSICA","D7","Dimensão 7: Infraestrutura Física","Eixo 5","Likert","E5D7P115","E5D11P148","E5D11P129","E5D7P61","E5D11P131","E5D7P29","QUALIDADE GERAL DA UNIOESTE para o ensino, pesquisa e extensão é excelente.","QUALIDADE GERAL DA UNIOESTE para o ensino, pesquisa e extensão é excelente."
"TOP_005",5,"Q1, Q2, Q3, Q5, Q6","E2","EIXO 2 – DESENVOLVIMENTO INSTITUCIONAL","D1","Dimensão 1: Missão e Plano de Desenvolvimento Institucional (PDI)","Eixo 2","Likert","E2D1P17","E2D1P19","E2D1P14",NA,"E2D1P16","E2D1P4","A Unioeste deveria ofertar novos cursos de graduação.","A Unioeste deveria ofertar novos cursos de graduação."
"TOP_006",5,"Q1, Q2, Q3, Q5, Q6","E2","EIXO 2 – DESENVOLVIMENTO INSTITUCIONAL","D1","Dimensão 1: Missão e Plano de Desenvolvimento Institucional (PDI)","Eixo 2","Likert","E2D1P18","E2D1P20","E2D1P15",NA,"E2D1P17","E2D1P5","A Unioeste deveria ofertar novos cursos de pós-graduação.","A Unioeste deveria ofertar novos cursos de pós-graduação."
"TOP_007",5,"Q1, Q2, Q3, Q4, Q5","E2","EIXO 2 – DESENVOLVIMENTO INSTITUCIONAL","D3","Dimensão 3: Responsabilidade Social da Instituição","Eixo 2","Likert","E2D3P22","E2D3P24","E2D3P19","E2D3P20","E2D3P21",NA,"As ações de responsabilidade e inclusão social praticadas pela UNIOESTE estão coerentes com o planejamento (PDI) e executado nos documentos oficiais.","As ações de responsabilidade e inclusão social praticadas pela UNIOESTE estão coerentes com o planejamento e executado nos documentos oficiais."
"TOP_008",5,"Q1, Q2, Q3, Q4, Q6","E2","EIXO 2 – DESENVOLVIMENTO INSTITUCIONAL","D3","Dimensão 3: Responsabilidade Social da Instituição","Eixo 2","Likert","E2D3P23","E2D3P25","E2D3P20","E2D3P21",NA,"E2D3P9","As relações da UNIOESTE com os setores da sociedade, incluindo ações para o desenvolvimento socioeconômico e educacional, estão sendo implantadas e acompanhadas.","As relações da UNIOESTE com os setores da sociedade, incluindo ações para o desenvolvimento socioeconômico e educacional, estão sendo implantadas..."
"TOP_009",5,"Q1, Q2, Q3, Q4, Q6","E2","EIXO 2 – DESENVOLVIMENTO INSTITUCIONAL","D3","Dimensão 3: Responsabilidade Social da Instituição","Eixo 2","Texto (Aberto)",NA,NA,NA,NA,NA,NA,"Descreva aqui suas sugestões para a Responsabilidade Social da UNIOESTE.","Descreva aqui suas sugestões para a Responsabilidade Social da UNIOESTE."
"TOP_010",5,"Q1, Q2, Q3, Q5, Q6","E3","EIXO 3 – POLÍTICAS ACADÊMICAS","D4","Dimensão 4: Comunicação com a Sociedade","Eixo 3","Likert","E3D4P57","E3D4P62","E3D4P50",NA,"E3D4P50","E3D4P18","A imagem da Unioeste é divulgada de forma ética e coerente, alinhada com a missão institucional.","A imagem da Unioeste é divulgada de forma ética e coerente, alinhada com a missão institucional."
"TOP_011",5,"Q1, Q2, Q3, Q5, Q6","E3","EIXO 3 – POLÍTICAS ACADÊMICAS","D4","Dimensão 4: Comunicação com a Sociedade","Eixo 3","Likert","E3D4P51","E3D4P56","E3D4P44",NA,"E3D4P45","E3D4P13","A ouvidoria institucional atende adequadamente às demandas recebidas.","A ouvidoria institucional atende adequadamente às demandas recebidas."
"TOP_012",5,"Q1, Q2, Q3, Q5, Q6","E3","EIXO 3 – POLÍTICAS ACADÊMICAS","D4","Dimensão 4: Comunicação com a Sociedade","Eixo 3","Likert","E3D4P53","E3D4P58","E3D4P46",NA,"E3D4P47","E3D4P14","Os canais de comunicação institucionais permitem o diálogo e a escuta das demandas da comunidade externa (sociedade).","Os canais de comunicação institucionais permitem o diálogo e a escuta das demandas da comunidade externa."
"TOP_013",5,"Q1, Q2, Q3, Q5, Q6","E4","EIXO 4 – POLÍTICAS DE GESTÃO","D10","Dimensão 10: Sustentabilidade Financeira","Eixo 4","Likert","E4D10P82","E4D10P101","E4D10P82",NA,"E4D10P84","E4D10P22","Os recursos financeiros disponíveis são utilizados de forma eficiente para atender as demandas das Unidades gestoras (Reitoria, Campi – centros, cursos e HUOP) no âmbito do ensino, da pesquisa e da extensão","Os recursos financeiros disponíveis são utilizados de forma eficiente para atender as demandas das Unidades gestoras no âmbito do ensino, da..."
"TOP_014",5,"Q1, Q2, Q3, Q5, Q6","E4","EIXO 4 – POLÍTICAS DE GESTÃO","D5","Dimensão 5: Políticas de Pessoal","Eixo 4","Texto (Aberto)",NA,NA,NA,NA,NA,NA,"Descreva aqui suas sugestões para as Políticas de pessoal.","Descreva aqui suas sugestões para as Políticas de pessoal."
"TOP_015",5,"Q1, Q2, Q3, Q4, Q5","E5","EIXO 5 – INFRAESTRUTURA FÍSICA","D7","Dimensão 7: Infraestrutura Física","Eixo 5","Likert","E5D7P101","E5D7P120","E5D7P101","E5D7P59","E5D7P103",NA,"A infraestrutura de internet (Wi-Fi, rede cabeada) atende adequadamente a comunidade acadêmica.","A infraestrutura de internet atende adequadamente a comunidade acadêmica."
"TOP_016",5,"Q1, Q2, Q3, Q5, Q6","E5","EIXO 5 – INFRAESTRUTURA FÍSICA","D7","Dimensão 7: Infraestrutura Física","Eixo 5","Likert","E5D7P103","E5D7P122","E5D7P103",NA,"E5D7P105","E5D7P25","A sinalização dos ambientes institucionais facilita a circulação e localização.","A sinalização dos ambientes institucionais facilita a circulação e localização."
"TOP_017",5,"Q1, Q2, Q3, Q5, Q6","E5","EIXO 5 – INFRAESTRUTURA FÍSICA","D7","Dimensão 7: Infraestrutura Física","Eixo 5","Likert","E5D7P104","E5D7P123","E5D7P104",NA,"E5D7P106","E5D7P26","Há acessibilidade física nos ambientes da instituição (rampas, elevadores, banheiros adaptados, entre outros).","Há acessibilidade física nos ambientes da instituição."
"TOP_018",5,"Q1, Q2, Q3, Q4, Q5","E5","EIXO 5 – INFRAESTRUTURA FÍSICA","D7","Dimensão 7: Infraestrutura Física","Eixo 5","Likert","E5D7P100","E5D7P119","E5D7P100","E5D7P58","E5D7P102",NA,"Há suporte técnico e treinamento adequado para o uso das plataformas digitais.","Há suporte técnico e treinamento adequado para o uso das plataformas digitais."
"TOP_019",5,"Q1, Q2, Q3, Q5, Q6","E5","EIXO 5 – INFRAESTRUTURA FÍSICA","D7","Dimensão 7: Infraestrutura Física","Eixo 5","Likert","E5D7P108","E5D7P127","E5D7P108",NA,"E5D7P110","E5D7P27","Os ambientes da instituição são limpos e bem conservados.","Os ambientes da instituição são limpos e bem conservados."
"TOP_020",5,"Q1, Q2, Q3, Q4, Q5","E5","EIXO 5 – INFRAESTRUTURA FÍSICA","D7","Dimensão 7: Infraestrutura Física","Eixo 5","Likert","E5D7P99","E5D7P118","E5D7P99","E5D7P57","E5D7P101",NA,"Os ambientes virtuais de aprendizagem (Teams, Moodle, entre outros) e sistemas acadêmicos funcionam de forma eficiente.","Os ambientes virtuais de aprendizagem e sistemas acadêmicos funcionam de forma eficiente."
"TOP_021",5,"Q1, Q2, Q3, Q5, Q6","E5","EIXO 5 – INFRAESTRUTURA FÍSICA","D7","Dimensão 7: Infraestrutura Física","Eixo 5","Likert","E5D7P88","E5D7P107","E5D7P88",NA,"E5D7P90","E5D7P24","Os auditórios da instituição são adequados em quantidade e qualidade para atender às demandas de eventos acadêmicos e institucionais.","Os auditórios da instituição são adequados em quantidade e qualidade para atender às demandas de eventos acadêmicos e institucionais."
"TOP_022",4,"Q1, Q2, Q3, Q5","E1","EIXO 1 – PLANEJAMENTO E AVALIAÇÃO INSTITUCIONAL","D8","Dimensão 8: Planejamento e Avaliação","Eixo 1","Likert","E1D8P10","E1D8P10","E1D8P5",NA,"E1D8P6",NA,"A Comissão Própria de Avaliação (CPA) divulga as análises, os resultados das avaliações, e as informações correspondentes estão acessíveis à comunidade acadêmica.","A Comissão Própria de Avaliação divulga as análises, os resultados das avaliações, e as informações correspondentes estão acessíveis à comunidade..."
"TOP_023",4,"Q1, Q2, Q3, Q5","E1","EIXO 1 – PLANEJAMENTO E AVALIAÇÃO INSTITUCIONAL","D8","Dimensão 8: Planejamento e Avaliação","Eixo 1","Likert","E1D8P9","E1D8P9","E1D8P4",NA,"E1D8P5",NA,"A Comissão Própria de Avaliação (CPA) está implantada e funciona, há efetiva participação da comunidade interna (professores, estudantes e técnico-administrativos) e externa nos processos de autoavaliação institucional.","A Comissão Própria de Avaliação está implantada e funciona, há efetiva participação da comunidade interna e externa nos processos de autoavaliação..."
"TOP_024",4,"Q1, Q2, Q3, Q6","E1","EIXO 1 – PLANEJAMENTO E AVALIAÇÃO INSTITUCIONAL","D8","Dimensão 8: Planejamento e Avaliação","Eixo 1","Texto (Aberto)",NA,NA,NA,NA,NA,"E1D8P3","Descreva aqui suas sugestões para o planejamento e a avaliação institucional da UNIOESTE.","Descreva aqui suas sugestões para o planejamento e a avaliação institucional da UNIOESTE."
"TOP_025",4,"Q1, Q2, Q3, Q6","E2","EIXO 2 – DESENVOLVIMENTO INSTITUCIONAL","D1","Dimensão 1: Missão e Plano de Desenvolvimento Institucional (PDI)","Eixo 2","Texto (Aberto)",NA,NA,"E2D1P16",NA,NA,NA,"Descreva aqui suas sugestões para o Plano de Desenvolvimento Institucional (PDI) da UNIOESTE.","Descreva aqui suas sugestões para o Plano de Desenvolvimento Institucional da UNIOESTE."
"TOP_026",4,"Q1, Q2, Q3, Q4","E2","EIXO 2 – DESENVOLVIMENTO INSTITUCIONAL","D3","Dimensão 3: Responsabilidade Social da Instituição","Eixo 2","Likert","E2D3P25","E2D3P27","E2D3P22","E2D3P23",NA,NA,"As ações da UNIOESTE, com vistas à defesa do meio ambiente, do patrimônio cultural e da produção artística, resultam de diretrizes institucionais (PDI) e estão sendo implantadas e acompanhadas.","As ações da UNIOESTE, com vistas à defesa do meio ambiente, do patrimônio cultural e da produção artística, resultam de diretrizes institucionais..."
"TOP_027",4,"Q1, Q2, Q3, Q4","E2","EIXO 2 – DESENVOLVIMENTO INSTITUCIONAL","D3","Dimensão 3: Responsabilidade Social da Instituição","Eixo 2","Likert","E2D3P24","E2D3P26","E2D3P21","E2D3P22",NA,NA,"As ações da UNIOESTE, com vistas à inclusão social, resultam de diretrizes institucionais (PDI) e estão sendo implantadas e acompanhadas.","As ações da UNIOESTE, com vistas à inclusão social, resultam de diretrizes institucionais e estão sendo implantadas e acompanhadas."
"TOP_028",4,"Q1, Q2, Q3, Q5","E3","EIXO 3 – POLÍTICAS ACADÊMICAS","D2","Dimensão 2: Políticas para o Ensino, a Pesquisa e a Extensão","Eixo 3","Likert","E3D2P27","E3D2P29","E2D2P24",NA,"E3D2P26",NA,"As políticas de ensino, pesquisa e extensão praticadas pela UNIOESTE estão coerentes com o plano de desenvolvimento institucional (PDI).","As políticas de ensino, pesquisa e extensão praticadas pela UNIOESTE estão coerentes com o plano de desenvolvimento institucional."
"TOP_029",4,"Q1, Q2, Q3, Q5","E3","EIXO 3 – POLÍTICAS ACADÊMICAS","D2","Dimensão 2: Políticas para o Ensino, a Pesquisa e a Extensão","Eixo 3","Likert","E3D2P41","E3D2P44","E2D2P35",NA,"E3D2P34",NA,"Existe articulação entre a pesquisa desenvolvida na instituição e os problemas regionais e nacionais.","Existe articulação entre a pesquisa desenvolvida na instituição e os problemas regionais e nacionais."
"TOP_030",4,"Q1, Q2, Q3, Q5","E3","EIXO 3 – POLÍTICAS ACADÊMICAS","D2","Dimensão 2: Políticas para o Ensino, a Pesquisa e a Extensão","Eixo 3","Likert","E3D2P46","E3D2P51","E2D2P40",NA,"E3D2P40",NA,"Existe integração entre extensão, ensino e pesquisa nas práticas institucionais.","Existe integração entre extensão, ensino e pesquisa nas práticas institucionais."
"TOP_031",4,"Q1, Q2, Q3, Q6","E3","EIXO 3 – POLÍTICAS ACADÊMICAS","D4","Dimensão 4: Comunicação com a Sociedade","Eixo 3","Likert","E3D4P50","E3D4P55","E3D4P43",NA,NA,"E3D4P12","A comunicação institucional é acessível às comunidades interna e externa e possibilitam a divulgação das ações da UNIOESTE.","A comunicação institucional é acessível às comunidades interna e externa e possibilitam a divulgação das ações da UNIOESTE."
"TOP_032",4,"Q1, Q2, Q3, Q6","E3","EIXO 3 – POLÍTICAS ACADÊMICAS","D4","Dimensão 4: Comunicação com a Sociedade","Eixo 3","Likert","E3D4P56","E3D4P61","E3D4P49",NA,NA,"E3D4P17","A instituição utiliza, de forma eficiente, as mídias digitais e redes sociais para divulgar suas ações para a comunidade externa.","A instituição utiliza, de forma eficiente, as mídias digitais e redes sociais para divulgar suas ações para a comunidade externa."
"TOP_033",4,"Q1, Q2, Q3, Q6","E3","EIXO 3 – POLÍTICAS ACADÊMICAS","D4","Dimensão 4: Comunicação com a Sociedade","Eixo 3","Likert","E3D4P54","E3D4P59","E3D4P47",NA,NA,"E3D4P15","A Unioeste promove eventos e atividades de integração com a comunidade externa.","A Unioeste promove eventos e atividades de integração com a comunidade externa."
"TOP_034",4,"Q1, Q2, Q3, Q6","E3","EIXO 3 – POLÍTICAS ACADÊMICAS","D4","Dimensão 4: Comunicação com a Sociedade","Eixo 3","Likert","E3D4P49","E3D4P54","E3D4P42",NA,NA,"E3D4P11","As ações de comunicação com a sociedade praticadas pela UNIOESTE estão coerentes com o plano de desenvolvimento institucional (PDI).","As ações de comunicação com a sociedade praticadas pela UNIOESTE estão coerentes com o plano de desenvolvimento institucional."
"TOP_035",4,"Q1, Q2, Q3, Q5","E3","EIXO 3 – POLÍTICAS ACADÊMICAS","D4","Dimensão 4: Comunicação com a Sociedade","Eixo 3","Likert","E3D4P52","E3D4P57","E3D4P45",NA,"E3D4P46",NA,"As instâncias acadêmicas e administrativas fazem os devidos encaminhamentos das demandas recebidas da Ouvidoria Institucional.","As instâncias acadêmicas e administrativas fazem os devidos encaminhamentos das demandas recebidas da Ouvidoria Institucional."
"TOP_036",4,"Q1, Q2, Q3, Q6","E3","EIXO 3 – POLÍTICAS ACADÊMICAS","D4","Dimensão 4: Comunicação com a Sociedade","Eixo 3","Texto (Aberto)",NA,NA,NA,NA,NA,NA,"Descreva aqui suas sugestões para a Comunicação com a comunidade externa (sociedade)","Descreva aqui suas sugestões para a Comunicação com a comunidade externa"
"TOP_037",4,"Q1, Q2, Q3, Q6","E3","EIXO 3 – POLÍTICAS ACADÊMICAS","D4","Dimensão 4: Comunicação com a Sociedade","Eixo 3","Likert","E3D4P55","E3D4P60","E3D4P48",NA,NA,"E3D4P16","Os resultados das ações de ensino, pesquisa e extensão são compartilhados com a comunidade externa.","Os resultados das ações de ensino, pesquisa e extensão são compartilhados com a comunidade externa."
"TOP_038",4,"Q1, Q2, Q3, Q4","E3","EIXO 3 – POLÍTICAS ACADÊMICAS","D9","Dimensão 9: Atendimento ao Estudante","Eixo 3","Likert","E3D9P62","E3D9P67","E3D9P54","E3D9P44",NA,NA,"A UNIOESTE desenvolve estratégias para acompanhar os egressos e seus empregadores à permanente atualização profissional, melhoria curricular, de formação profissional, ou cursos de pós-graduação (entre outros) que visem o aumento de empregabilidade e salários dos ex-alunos.","A UNIOESTE desenvolve estratégias para acompanhar os egressos e seus empregadores à permanente atualização profissional, melhoria curricular, de..."
"TOP_039",4,"Q1, Q2, Q3, Q4","E3","EIXO 3 – POLÍTICAS ACADÊMICAS","D9","Dimensão 9: Atendimento ao Estudante","Eixo 3","Likert","E3D9P61","E3D9P66","E3D9P53","E3D9P43",NA,NA,"Em relação às Condições institucionais de atendimento ao discente, se verifica a adequação das políticas de acesso, seleção e permanência de estudantes (critérios utilizados, acompanhamento pedagógico, espaço de participação e de convivência) praticadas pela UNIOESTE e há relação com as políticas públicas e com o contexto social.","Em relação às Condições institucionais de atendimento ao discente, se verifica a adequação das políticas de acesso, seleção e permanência de..."
"TOP_040",4,"Q1, Q2, Q4, Q5","E3","EIXO 3 – POLÍTICAS ACADÊMICAS","D9","Dimensão 9: Atendimento ao Estudante","Eixo 3","Likert","E3D9P64","E3D9P69",NA,"E3D9P46","E3D9P56",NA,"Há acompanhamento institucional aos estudantes com baixo desempenho ou dificuldades de aprendizagem.","Há acompanhamento institucional aos estudantes com baixo desempenho ou dificuldades de aprendizagem."
"TOP_041",4,"Q1, Q2, Q3, Q5","E4","EIXO 4 – POLÍTICAS DE GESTÃO","D10","Dimensão 10: Sustentabilidade Financeira","Eixo 4","Likert","E4D10P81","E4D10P100","E4D10P81",NA,"E4D10P83",NA,"A gestão orçamentária das Unidades gestoras (Reitoria, Campi - centros e cursos e HUOP)  contribui para a manutenção e melhoria da infraestrutura física e tecnológica.","A gestão orçamentária das Unidades gestoras contribui para a manutenção e melhoria da infraestrutura física e tecnológica."
"TOP_042",4,"Q1, Q2, Q3, Q5","E4","EIXO 4 – POLÍTICAS DE GESTÃO","D10","Dimensão 10: Sustentabilidade Financeira","Eixo 4","Likert","E4D10P79","E4D10P98","E4D10P79",NA,"E4D10P81",NA,"A instituição busca alternativas de captação de recursos (editais, parcerias, convênios).","A instituição busca alternativas de captação de recursos."
"TOP_043",4,"Q1, Q2, Q3, Q5","E4","EIXO 4 – POLÍTICAS DE GESTÃO","D10","Dimensão 10: Sustentabilidade Financeira","Eixo 4","Likert","E4D10P80","E4D10P99","E4D10P80",NA,"E4D10P82",NA,"A instituição divulga as alternativas de captação de recursos (editais, parcerias, convênios).","A instituição divulga as alternativas de captação de recursos."
"TOP_044",4,"Q1, Q2, Q3, Q5","E4","EIXO 4 – POLÍTICAS DE GESTÃO","D10","Dimensão 10: Sustentabilidade Financeira","Eixo 4","Likert","E4D10P84","E4D10P103","E4D10P84",NA,"E4D10P86",NA,"As atividades de ensino, pesquisa e extensão recebem apoio financeiro para sua realização.","As atividades de ensino, pesquisa e extensão recebem apoio financeiro para sua realização."
"TOP_045",4,"Q1, Q2, Q3, Q6","E4","EIXO 4 – POLÍTICAS DE GESTÃO","D10","Dimensão 10: Sustentabilidade Financeira","Eixo 4","Texto (Aberto)",NA,NA,NA,NA,NA,NA,"Descreva aqui suas sugestões para a Sustentabilidade Financeira da UNIOESTE.","Descreva aqui suas sugestões para a Sustentabilidade Financeira da UNIOESTE."
"TOP_046",4,"Q1, Q2, Q3, Q5","E4","EIXO 4 – POLÍTICAS DE GESTÃO","D10","Dimensão 10: Sustentabilidade Financeira","Eixo 4","Likert","E4D10P83","E4D10P102","E4D10P83",NA,"E4D10P85",NA,"Existe equilíbrio entre os recursos disponíveis e as metas institucionais estabelecidas no Plano de Desenvolvimento Institucional (PDI).","Existe equilíbrio entre os recursos disponíveis e as metas institucionais estabelecidas no Plano de Desenvolvimento Institucional."
"TOP_047",4,"Q1, Q2, Q3, Q5","E4","EIXO 4 – POLÍTICAS DE GESTÃO","D5","Dimensão 5: Políticas de Pessoal","Eixo 4","Likert","E4D5P71","E4D5P81","E4D5P62",NA,"E4D5P65",NA,"As informações institucionais são de fácil acesso para a comunidade acadêmica.","As informações institucionais são de fácil acesso para a comunidade acadêmica."
"TOP_048",4,"Q1, Q2, Q3, Q5","E4","EIXO 4 – POLÍTICAS DE GESTÃO","D6","Dimensão 6: Organização e Gestão da Instituição","Eixo 4","Likert","E4D6P74","E4D6P84","E4D6P65",NA,"E4D6P68",NA,"A gestão institucional está alinhada às diretrizes e ações previstas no Plano de Desenvolvimento Institucional (PDI).","A gestão institucional está alinhada às diretrizes e ações previstas no Plano de Desenvolvimento Institucional."
"TOP_049",4,"Q1, Q2, Q3, Q6","E4","EIXO 4 – POLÍTICAS DE GESTÃO","D6","Dimensão 6: Organização e Gestão da Instituição","Eixo 4","Texto (Aberto)",NA,NA,NA,NA,NA,NA,"Descreva aqui suas sugestões para as Políticas de gestão","Descreva aqui suas sugestões para as Políticas de gestão"
"TOP_050",4,"Q1, Q2, Q3, Q5","E5","EIXO 5 – INFRAESTRUTURA FÍSICA","D7","Dimensão 7: Infraestrutura Física","Eixo 5","Likert","E5D7P107","E5D7P126","E5D7P107",NA,"E5D7P109",NA,"A infraestrutura dos serviços de saúde (ambulatórios, atendimento psicológico, entre outros) atende às necessidades da comunidade acadêmica.","A infraestrutura dos serviços de saúde atende às necessidades da comunidade acadêmica."
"TOP_051",4,"Q1, Q2, Q3, Q5","E5","EIXO 5 – INFRAESTRUTURA FÍSICA","D7","Dimensão 7: Infraestrutura Física","Eixo 5","Likert","E5D7P97","E5D7P116","E5D7P97",NA,"E5D7P99",NA,"A manutenção dos equipamentos laboratoriais é feita de forma eficiente.","A manutenção dos equipamentos laboratoriais é feita de forma eficiente."
"TOP_052",4,"Q1, Q2, Q3, Q5","E5","EIXO 5 – INFRAESTRUTURA FÍSICA","D7","Dimensão 7: Infraestrutura Física","Eixo 5","Likert","E5D7P109","E5D7P128","E5D7P109",NA,"E5D7P111",NA,"A manutenção predial (elétrica, hidráulica, aberturas - janelas e portas) está adequada para o desenvolvimento das ações pedagógicas e administrativas","A manutenção predial está adequada para o desenvolvimento das ações pedagógicas e administrativas"
"TOP_053",4,"Q1, Q2, Q3, Q5","E5","EIXO 5 – INFRAESTRUTURA FÍSICA","D7","Dimensão 7: Infraestrutura Física","Eixo 5","Likert","E5D7P110","E5D7P129","E5D7P110",NA,"E5D7P112",NA,"A manutenção predial (pintura) está adequada para o desenvolvimento das ações pedagógicas e administrativas.","A manutenção predial está adequada para o desenvolvimento das ações pedagógicas e administrativas."
"TOP_054",4,"Q1, Q2, Q3, Q5","E5","EIXO 5 – INFRAESTRUTURA FÍSICA","D7","Dimensão 7: Infraestrutura Física","Eixo 5","Likert","E5D7P92","E5D7P111","E5D7P92",NA,"E5D7P94",NA,"A quantidade de salas de aula é compatível com a demanda de cursos e turmas.","A quantidade de salas de aula é compatível com a demanda de cursos e turmas."
"TOP_055",4,"Q1, Q2, Q3, Q5","E5","EIXO 5 – INFRAESTRUTURA FÍSICA","D7","Dimensão 7: Infraestrutura Física","Eixo 5","Likert","E5D7P90","E5D7P109","E5D7P90",NA,"E5D7P92",NA,"As salas de aula estão adequadamente equipadas (mobiliário, iluminação, ventilação, acústica).","As salas de aula estão adequadamente equipadas."
"TOP_056",4,"Q1, Q2, Q3, Q6","E5","EIXO 5 – INFRAESTRUTURA FÍSICA","D7","Dimensão 7: Infraestrutura Física","Eixo 5","Texto (Aberto)",NA,NA,NA,NA,NA,NA,"Descreva aqui suas sugestões para a INFRAESTRUTURA","Descreva aqui suas sugestões para a INFRAESTRUTURA"
"TOP_057",4,"Q1, Q2, Q3, Q5","E5","EIXO 5 – INFRAESTRUTURA FÍSICA","D7","Dimensão 7: Infraestrutura Física","Eixo 5","Likert","E5D7P113","E5D7P132","E5D7P113",NA,"E5D7P115",NA,"Os ambientes físicos são acessíveis a pessoas com deficiência ou mobilidade reduzida.","Os ambientes físicos são acessíveis a pessoas com deficiência ou mobilidade reduzida."
"TOP_058",4,"Q1, Q2, Q3, Q5","E5","EIXO 5 – INFRAESTRUTURA FÍSICA","D7","Dimensão 7: Infraestrutura Física","Eixo 5","Likert","E5D7P102","E5D7P121","E5D7P102",NA,"E5D7P104",NA,"Os espaços destinados às atividades administrativas são adequados e funcionais.","Os espaços destinados às atividades administrativas são adequados e funcionais."
"TOP_059",4,"Q1, Q2, Q3, Q5","E5","EIXO 5 – INFRAESTRUTURA FÍSICA","D7","Dimensão 7: Infraestrutura Física","Eixo 5","Likert","E5D7P98","E5D7P117","E5D7P98",NA,"E5D7P100",NA,"Os laboratórios atendem à demanda de uso dos estudantes e professores.","Os laboratórios atendem à demanda de uso dos estudantes e professores."
"TOP_060",4,"Q1, Q2, Q3, Q5","E5","EIXO 5 – INFRAESTRUTURA FÍSICA","D7","Dimensão 7: Infraestrutura Física","Eixo 5","Likert","E5D7P96","E5D7P115","E5D7P96",NA,"E5D7P98",NA,"Os laboratórios estão equipados adequadamente para a realização de atividades práticas.","Os laboratórios estão equipados adequadamente para a realização de atividades práticas."
"TOP_061",4,"Q1, Q2, Q3, Q5","E5","EIXO 5 – INFRAESTRUTURA FÍSICA","D7","Dimensão 7: Infraestrutura Física","Eixo 5","Likert","E5D7P91","E5D7P110","E5D7P91",NA,"E5D7P93",NA,"Os recursos tecnológicos disponíveis nas salas (projetores, computadores, internet) são suficientes e funcionam adequadamente.","Os recursos tecnológicos disponíveis nas salas são suficientes e funcionam adequadamente."
"TOP_062",4,"Q1, Q2, Q3, Q5","E5","EIXO 5 – INFRAESTRUTURA FÍSICA","D7","Dimensão 7: Infraestrutura Física","Eixo 5","Likert","E5D7P106","E5D7P125","E5D7P106",NA,"E5D7P108",NA,"Os serviços de alimentação (restaurante universitário e/ou cantina) são suficientes e de qualidade.","Os serviços de alimentação são suficientes e de qualidade."
"TOP_063",4,"Q1, Q2, Q3, Q5","E5","EIXO 5 – INFRAESTRUTURA FÍSICA","D7","Dimensão 7: Infraestrutura Física","Eixo 5","Likert","E5D7P111","E5D7P130","E5D7P111",NA,"E5D7P113",NA,"Os serviços de segurança patrimonial e vigilância garantem tranquilidade à comunidade.","Os serviços de segurança patrimonial e vigilância garantem tranquilidade à comunidade."
"TOP_064",3,"Q1, Q2, Q3","E1","EIXO 1 – PLANEJAMENTO E AVALIAÇÃO INSTITUCIONAL","D8","Dimensão 8: Planejamento e Avaliação","Eixo 1","Likert","E1D8P13","E1D8P13","E1D8P8",NA,NA,NA,"A Avaliação institucional no âmbito dos SINAES (ENADE, Índice Geral de Cursos (IGC), Comissão Especial de Avaliação (CEA) está sendo fundamental para a melhoria da qualidade dos cursos da UNIOESTE, pois possibilita reflexão sobre a Universidade e sobre as ações dos membros que compõem a comunidade acadêmica (alunos, docentes, agentes universitários e colaboradores).","A Avaliação institucional no âmbito dos SINAES, Comissão Especial de Avaliação está sendo fundamental para a melhoria da qualidade dos cursos da..."
"TOP_065",3,"Q1, Q2, Q3","E1","EIXO 1 – PLANEJAMENTO E AVALIAÇÃO INSTITUCIONAL","D8","Dimensão 8: Planejamento e Avaliação","Eixo 1","Likert","E1D8P12","E1D8P12","E1D8P7",NA,NA,NA,"A instituição executa ações de planejamento com base nos resultados dos processos internos (Diagnóstico  Avaliativo da CPA e de outros documentos oficiais, e externos (ENADE, Índice Geral de Cursos (IGC), Comissão Especial de Avaliação (CEA)).","A instituição executa ações de planejamento com base nos resultados dos processos internos, Comissão Especial de Avaliação)."
"TOP_066",3,"Q1, Q2, Q3","E1","EIXO 1 – PLANEJAMENTO E AVALIAÇÃO INSTITUCIONAL","D8","Dimensão 8: Planejamento e Avaliação","Eixo 1","Likert","E1D8P11","E1D8P11","E1D8P6",NA,NA,NA,"A UNIOESTE implementa ações acadêmico administrativas baseadas nos resultados da autoavaliação e das avaliações externas.","A UNIOESTE implementa ações acadêmico administrativas baseadas nos resultados da autoavaliação e das avaliações externas."
"TOP_067",3,"Q1, Q2, Q3","E1","EIXO 1 – PLANEJAMENTO E AVALIAÇÃO INSTITUCIONAL","D8","Dimensão 8: Planejamento e Avaliação","Eixo 1","Likert","E1D8P8","E1D8P8","E1D8P3",NA,NA,NA,"O planejamento e a avaliação, especialmente em relação aos processos, resultados e eficácia da autoavaliação institucional da UNIOESTE estão coerentes com o especificado no planejamento institucional (PDI).","O planejamento e a avaliação, especialmente em relação aos processos, resultados e eficácia da autoavaliação institucional da UNIOESTE estão..."
"TOP_068",3,"Q1, Q2, Q3","E2","EIXO 2 – DESENVOLVIMENTO INSTITUCIONAL","D1","Dimensão 1: Missão e Plano de Desenvolvimento Institucional (PDI)","Eixo 2","Likert","E2D1P16","E2D1P16","E2D1P11",NA,NA,NA,"As propostas constantes do planejamento institucional (PDI) estão sendo implementadas de acordo com as demandas de ações dos cursos.","As propostas constantes do planejamento institucional estão sendo implementadas de acordo com as demandas de ações dos cursos."
"TOP_069",3,"Q1, Q2, Q3","E2","EIXO 2 – DESENVOLVIMENTO INSTITUCIONAL","D1","Dimensão 1: Missão e Plano de Desenvolvimento Institucional (PDI)","Eixo 2","Likert","E2D1P15","E2D1P15","E2D1P10",NA,NA,NA,"As propostas constantes do planejamento institucional (PDI) estão sendo implementadas de acordo com as funções, os órgãos e os sistemas de gestão.","As propostas constantes do planejamento institucional estão sendo implementadas de acordo com as funções, os órgãos e os sistemas de gestão."
"TOP_070",3,"Q1, Q2, Q4","E3","EIXO 3 – POLÍTICAS ACADÊMICAS","D2","Dimensão 2: Políticas para o Ensino, a Pesquisa e a Extensão","Eixo 3","Likert","E3D2P37","E3D2P39",NA,"E3D2P30",NA,NA,"A estrutura curricular possibilita a flexibilidade acadêmica e a interdisciplinaridade.","A estrutura curricular possibilita a flexibilidade acadêmica e a interdisciplinaridade."
"TOP_071",3,"Q1, Q2, Q3","E3","EIXO 3 – POLÍTICAS ACADÊMICAS","D2","Dimensão 2: Políticas para o Ensino, a Pesquisa e a Extensão","Eixo 3","Likert","E3D2P45","E3D2P50","E2D2P39",NA,NA,NA,"A extensão universitária é reconhecida como parte integrante da formação acadêmica e cidadã.","A extensão universitária é reconhecida como parte integrante da formação acadêmica e cidadã."
"TOP_072",3,"Q1, Q2, Q5","E3","EIXO 3 – POLÍTICAS ACADÊMICAS","D2","Dimensão 2: Políticas para o Ensino, a Pesquisa e a Extensão","Eixo 3","Likert","E3D2P47","E3D2P52",NA,NA,"E3D2P41",NA,"A instituição incentiva a participação dos estudantes em atividades de extensão extracurriculares","A instituição incentiva a participação dos estudantes em atividades de extensão extracurriculares"
"TOP_073",3,"Q1, Q2, Q3","E3","EIXO 3 – POLÍTICAS ACADÊMICAS","D2","Dimensão 2: Políticas para o Ensino, a Pesquisa e a Extensão","Eixo 3","Likert","E3D2P33","E3D2P35","E2D2P30",NA,NA,NA,"A oferta de bolsas para produção acadêmica (de iniciação científica, de extensão e de monitoria) está de acordo com a demanda dos cursos.","A oferta de bolsas para produção acadêmica está de acordo com a demanda dos cursos."
"TOP_074",3,"Q1, Q2, Q3","E3","EIXO 3 – POLÍTICAS ACADÊMICAS","D2","Dimensão 2: Políticas para o Ensino, a Pesquisa e a Extensão","Eixo 3","Likert","E3D2P36","E3D2P38","E2D2P33",NA,NA,NA,"A Unioeste promove ações de incentivo à internacionalização e à inserção de novas tecnologias no ensino","A Unioeste promove ações de incentivo à internacionalização e à inserção de novas tecnologias no ensino"
"TOP_075",3,"Q1, Q2, Q3","E3","EIXO 3 – POLÍTICAS ACADÊMICAS","D2","Dimensão 2: Políticas para o Ensino, a Pesquisa e a Extensão","Eixo 3","Likert","E3D2P35","E3D2P37","E2D2P32",NA,NA,NA,"A Unioeste promove ações efetivas para a formação docente em termos de qualidade e quantidade","A Unioeste promove ações efetivas para a formação docente em termos de qualidade e quantidade"
"TOP_076",3,"Q1, Q2, Q3","E3","EIXO 3 – POLÍTICAS ACADÊMICAS","D2","Dimensão 2: Políticas para o Ensino, a Pesquisa e a Extensão","Eixo 3","Likert","E3D2P31","E3D2P33","E2D2P28",NA,NA,NA,"As atividades de extensão implantadas são acompanhadas com participação de professores e de estudantes.","As atividades de extensão implantadas são acompanhadas com participação de professores e de estudantes."
"TOP_077",3,"Q1, Q2, Q3","E3","EIXO 3 – POLÍTICAS ACADÊMICAS","D2","Dimensão 2: Políticas para o Ensino, a Pesquisa e a Extensão","Eixo 3","Likert","E3D2P32","E3D2P34","E2D2P29",NA,NA,NA,"As atividades de extensão possuem relevância acadêmica, científica e social no entorno institucional, e estão vinculadas com a formação acadêmica dos alunos.","As atividades de extensão possuem relevância acadêmica, científica e social no entorno institucional, e estão vinculadas com a formação acadêmica..."
"TOP_078",3,"Q1, Q2, Q3","E3","EIXO 3 – POLÍTICAS ACADÊMICAS","D2","Dimensão 2: Políticas para o Ensino, a Pesquisa e a Extensão","Eixo 3","Likert","E3D2P44","E3D2P49","E2D2P38",NA,NA,NA,"As atividades de extensão são planejadas considerando as demandas sociais e resultam em ações concretas para a comunidade interna e externa.","As atividades de extensão são planejadas considerando as demandas sociais e resultam em ações concretas para a comunidade interna e externa."
"TOP_079",3,"Q1, Q2, Q3","E3","EIXO 3 – POLÍTICAS ACADÊMICAS","D2","Dimensão 2: Políticas para o Ensino, a Pesquisa e a Extensão","Eixo 3","Likert","E3D2P30","E3D2P32","E2D2P27",NA,NA,NA,"As atividades de pesquisa e de iniciação científica implantadas são acompanhadas, com participação de professores e de estudantes.","As atividades de pesquisa e de iniciação científica implantadas são acompanhadas, com participação de professores e de estudantes."
"TOP_080",3,"Q1, Q2, Q3","E3","EIXO 3 – POLÍTICAS ACADÊMICAS","D2","Dimensão 2: Políticas para o Ensino, a Pesquisa e a Extensão","Eixo 3","Likert","E3D2P29","E3D2P31","E2D2P26",NA,NA,NA,"As atividades planejadas e realizadas nos cursos PRESENCIAIS de pós-graduação (lato sensu e stricto sensu) garantem a qualidade desses cursos.","As atividades planejadas e realizadas nos cursos PRESENCIAIS de pós-graduação garantem a qualidade desses cursos."
"TOP_081",3,"Q1, Q2, Q3","E3","EIXO 3 – POLÍTICAS ACADÊMICAS","D2","Dimensão 2: Políticas para o Ensino, a Pesquisa e a Extensão","Eixo 3","Likert","E3D2P28","E3D2P30","E2D2P25",NA,NA,NA,"As atividades realizadas nos cursos de graduação na modalidade PRESENCIAL, garantem a qualidade desses cursos.","As atividades realizadas nos cursos de graduação na modalidade PRESENCIAL, garantem a qualidade desses cursos."
"TOP_082",3,"Q1, Q2, Q3","E3","EIXO 3 – POLÍTICAS ACADÊMICAS","D2","Dimensão 2: Políticas para o Ensino, a Pesquisa e a Extensão","Eixo 3","Likert","E3D2P34","E3D2P36","E2D2P31",NA,NA,NA,"As políticas institucionais do ensino de graduação possibilitam práticas pedagógicas que consideram os referenciais mínimos de qualidade.","As políticas institucionais do ensino de graduação possibilitam práticas pedagógicas que consideram os referenciais mínimos de qualidade."
"TOP_083",3,"Q1, Q2, Q3","E3","EIXO 3 – POLÍTICAS ACADÊMICAS","D2","Dimensão 2: Políticas para o Ensino, a Pesquisa e a Extensão","Eixo 3","Texto (Aberto)",NA,NA,NA,NA,NA,NA,"Descreva aqui suas sugestões para a EXTENSÃO UNIVERSITÁRIA da UNIOESTE.","Descreva aqui suas sugestões para a EXTENSÃO UNIVERSITÁRIA da UNIOESTE."
"TOP_084",3,"Q1, Q2, Q3","E3","EIXO 3 – POLÍTICAS ACADÊMICAS","D2","Dimensão 2: Políticas para o Ensino, a Pesquisa e a Extensão","Eixo 3","Texto (Aberto)",NA,NA,NA,NA,NA,NA,"Descreva aqui suas sugestões para a PESQUISA da UNIOESTE.","Descreva aqui suas sugestões para a PESQUISA da UNIOESTE."
"TOP_085",3,"Q1, Q2, Q3","E3","EIXO 3 – POLÍTICAS ACADÊMICAS","D2","Dimensão 2: Políticas para o Ensino, a Pesquisa e a Extensão","Eixo 3","Texto (Aberto)",NA,NA,NA,NA,NA,NA,"Descreva aqui suas sugestões para o ENSINO da UNIOESTE.","Descreva aqui suas sugestões para o ENSINO da UNIOESTE."
"TOP_086",3,"Q1, Q2, Q3","E3","EIXO 3 – POLÍTICAS ACADÊMICAS","D2","Dimensão 2: Políticas para o Ensino, a Pesquisa e a Extensão","Eixo 3","Likert","E3D2P43","E3D2P48","E2D2P37",NA,NA,NA,"O apoio institucional para a realização de projetos de extensão é adequado.","O apoio institucional para a realização de projetos de extensão é adequado."
"TOP_087",3,"Q1, Q2, Q4","E3","EIXO 3 – POLÍTICAS ACADÊMICAS","D9","Dimensão 9: Atendimento ao Estudante","Eixo 3","Likert","E3D9P63","E3D9P68",NA,"E3D9P45",NA,NA,"A instituição oferece suporte aos estudantes em situações de vulnerabilidade social, (expostos a riscos e dificuldades sociais em relação à alimentação, transporte, moradia, entre outros).","A instituição oferece suporte aos estudantes em situações de vulnerabilidade social,."
"TOP_088",3,"Q1, Q2, Q3","E3","EIXO 3 – POLÍTICAS ACADÊMICAS","D9","Dimensão 9: Atendimento ao Estudante","Eixo 3","Likert","E3D9P59","E3D9P64","E3D9P52",NA,NA,NA,"As políticas de atendimento aos discentes da UNIOESTE estão coerentes com as especificadas no plano de desenvolvimento institucional (PDI).","As políticas de atendimento aos discentes da UNIOESTE estão coerentes com as especificadas no plano de desenvolvimento institucional."
"TOP_089",3,"Q1, Q2, Q3","E3","EIXO 3 – POLÍTICAS ACADÊMICAS","D9","Dimensão 9: Atendimento ao Estudante","Eixo 3","Texto (Aberto)",NA,NA,NA,NA,NA,NA,"Descreva aqui suas sugestões para a Política de Atendimento aos Discentes","Descreva aqui suas sugestões para a Política de Atendimento aos Discentes"
"TOP_090",3,"Q1, Q2, Q3","E3","EIXO 3 – POLÍTICAS ACADÊMICAS","D9","Dimensão 9: Atendimento ao Estudante","Eixo 3","Likert","E3D9P69","E3D9P74","E3D9P55",NA,NA,NA,"Os setores administrativos prestam atendimento eficiente e respeitoso aos alunos.","Os setores administrativos prestam atendimento eficiente e respeitoso aos alunos."
"TOP_091",3,"Q2, Q3, Q5","E4","EIXO 4 – POLÍTICAS DE GESTÃO","D10","Dimensão 10: Sustentabilidade Financeira","Eixo 4","Likert",NA,"E4D10P96","E4D10P77",NA,"E4D10P79",NA,"A instituição apresenta coerência entre o Plano de Desenvolvimento Institucional (PDI), a captação de recursos e o orçamento previsto.","A instituição apresenta coerência entre o Plano de Desenvolvimento Institucional, a captação de recursos e o orçamento previsto."
"TOP_092",3,"Q1, Q2, Q3","E4","EIXO 4 – POLÍTICAS DE GESTÃO","D10","Dimensão 10: Sustentabilidade Financeira","Eixo 4","Likert","E4D10P78","E4D10P94","E4D10P75",NA,NA,NA,"A sustentabilidade financeira da UNIOESTE está coerente com o estabelecido no Plano de Desenvolvimento Institucional (PDI).","A sustentabilidade financeira da UNIOESTE está coerente com o estabelecido no Plano de Desenvolvimento Institucional."
"TOP_093",3,"Q2, Q3, Q5","E4","EIXO 4 – POLÍTICAS DE GESTÃO","D10","Dimensão 10: Sustentabilidade Financeira","Eixo 4","Likert",NA,"E4D10P97","E4D10P78",NA,"E4D10P80",NA,"Há compatibilidade entre os cursos oferecidos e os recursos disponíveis, bem como controle adequado das despesas (correntes, de capital e de investimento).","Há compatibilidade entre os cursos oferecidos e os recursos disponíveis, bem como controle adequado das despesas."
"TOP_094",3,"Q2, Q3, Q5","E4","EIXO 4 – POLÍTICAS DE GESTÃO","D5","Dimensão 5: Políticas de Pessoal","Eixo 4","Likert",NA,"E4D5P80","E4D5P61",NA,"E4D5P64",NA,"A organização interna favorece o trabalho integrado entre os cursos, centros, campus e reitoria.","A organização interna favorece o trabalho integrado entre os cursos, centros, campus e reitoria."
"TOP_095",3,"Q2, Q3, Q5","E4","EIXO 4 – POLÍTICAS DE GESTÃO","D5","Dimensão 5: Políticas de Pessoal","Eixo 4","Likert",NA,"E4D5P79","E4D5P60",NA,"E4D5P63",NA,"Os setores administrativos atuam de forma articulada, contribuindo para o bom funcionamento institucional.","Os setores administrativos atuam de forma articulada, contribuindo para o bom funcionamento institucional."
"TOP_096",3,"Q2, Q3, Q5","E4","EIXO 4 – POLÍTICAS DE GESTÃO","D6","Dimensão 6: Organização e Gestão da Instituição","Eixo 4","Likert",NA,"E4D6P91","E4D6P72",NA,"E4D6P74",NA,"A distribuição de atividades didático-pedagógicas e administrativas respeita a carga horária e a complexidade das tarefas.","A distribuição de atividades didático-pedagógicas e administrativas respeita a carga horária e a complexidade das tarefas."
"TOP_097",3,"Q2, Q3, Q5","E4","EIXO 4 – POLÍTICAS DE GESTÃO","D6","Dimensão 6: Organização e Gestão da Instituição","Eixo 4","Likert",NA,"E4D6P92","E4D6P73",NA,"E4D6P75",NA,"A gestão institucional, dentro de suas esferas (colegiados, centros, campi, reitoria e HUOP), promove um ambiente de trabalho saudável, colaborativo e respeitoso.","A gestão institucional, dentro de suas esferas, promove um ambiente de trabalho saudável, colaborativo e respeitoso."
"TOP_098",3,"Q2, Q3, Q5","E4","EIXO 4 – POLÍTICAS DE GESTÃO","D6","Dimensão 6: Organização e Gestão da Instituição","Eixo 4","Likert",NA,"E4D6P89","E4D6P70",NA,"E4D6P72",NA,"A instituição oferece oportunidades de capacitação e desenvolvimento profissional para docentes e/ou agentes universitários.","A instituição oferece oportunidades de capacitação e desenvolvimento profissional para docentes e/ou agentes universitários."
"TOP_099",3,"Q1, Q2, Q3","E4","EIXO 4 – POLÍTICAS DE GESTÃO","D6","Dimensão 6: Organização e Gestão da Instituição","Eixo 4","Likert","E4D6P73","E4D6P83","E4D6P64",NA,NA,NA,"A organização e a gestão da instituição, especialmente o funcionamento e representatividade dos colegiados, sua independência e autonomia na relação com a mantenedora (SETI), e a participação dos segmentos da comunidade universitária nos processos decisórios estão coerentes com o plano de desenvolvimento institucional (PDI).","A organização e a gestão da instituição, especialmente o funcionamento e representatividade dos colegiados, sua independência e autonomia na..."
"TOP_100",3,"Q2, Q3, Q5","E4","EIXO 4 – POLÍTICAS DE GESTÃO","D6","Dimensão 6: Organização e Gestão da Instituição","Eixo 4","Likert",NA,"E4D6P87","E4D6P68",NA,"E4D6P70",NA,"A política de gestão de pessoal da instituição é transparente e de conhecimento dos servidores (docentes/ agentes universitários).","A política de gestão de pessoal da instituição é transparente e de conhecimento dos servidores."
"TOP_101",3,"Q1, Q2, Q3","E4","EIXO 4 – POLÍTICAS DE GESTÃO","D6","Dimensão 6: Organização e Gestão da Instituição","Eixo 4","Likert","E4D6P76","E4D6P86","E4D6P67",NA,NA,NA,"O funcionamento e a representatividade nos colegiados de curso, cumprem os dispositivos regimentais e estatutários.","O funcionamento e a representatividade nos colegiados de curso, cumprem os dispositivos regimentais e estatutários."
"TOP_102",3,"Q2, Q3, Q5","E4","EIXO 4 – POLÍTICAS DE GESTÃO","D6","Dimensão 6: Organização e Gestão da Instituição","Eixo 4","Likert",NA,"E4D6P88","E4D6P69",NA,"E4D6P71",NA,"Os processos de avaliação de desempenho (docentes/ agentes universitários), vinculados ao plano de carreira, são claros, objetivos e realizados de forma regular.","Os processos de avaliação de desempenho, vinculados ao plano de carreira, são claros, objetivos e realizados de forma regular."
"TOP_103",3,"Q1, Q2, Q3","E4","EIXO 4 – POLÍTICAS DE GESTÃO","D6","Dimensão 6: Organização e Gestão da Instituição","Eixo 4","Likert","E4D6P75","E4D6P85","E4D6P66",NA,NA,NA,"Os representantes dos Conselhos Superiores cumprem os dispositivos regimentais e estatutários.","Os representantes dos Conselhos Superiores cumprem os dispositivos regimentais e estatutários."
"TOP_104",3,"Q2, Q3, Q5","E4","EIXO 4 – POLÍTICAS DE GESTÃO","D6","Dimensão 6: Organização e Gestão da Instituição","Eixo 4","Likert",NA,"E4D6P90","E4D6P71",NA,"E4D6P73",NA,"Sinto-me estimulado a participar de cursos, eventos e formação continuada promovidos ou apoiados pela UNIOESTE.","Sinto-me estimulado a participar de cursos, eventos e formação continuada promovidos ou apoiados pela UNIOESTE."
"TOP_105",3,"Q2, Q3, Q5","E6","EIXO 5 – INFRAESTRUTURA FÍSICA","D11","Dimensão 11: Políticas de Gestão de Pessoal e Desenvolvimento Humano","Eixo 5","Likert",NA,"E5D11P145","E5D11P126",NA,"E5D11P128",NA,"A carga horária e as atribuições são compatíveis e permitem realizar um bom trabalho","A carga horária e as atribuições são compatíveis e permitem realizar um bom trabalho"
"TOP_106",3,"Q2, Q3, Q5","E6","EIXO 5 – INFRAESTRUTURA FÍSICA","D11","Dimensão 11: Políticas de Gestão de Pessoal e Desenvolvimento Humano","Eixo 5","Likert",NA,"E5D11P138","E5D11P119",NA,"E5D11P121",NA,"As relações de trabalho afetam minha saúde mental","As relações de trabalho afetam minha saúde mental"
"TOP_107",3,"Q2, Q3, Q5","E6","EIXO 5 – INFRAESTRUTURA FÍSICA","D11","Dimensão 11: Políticas de Gestão de Pessoal e Desenvolvimento Humano","Eixo 5","Likert",NA,"E5D11P136","E5D11P117",NA,"E5D11P119",NA,"Consigo equilibrar minha vida pessoal e profissional","Consigo equilibrar minha vida pessoal e profissional"
"TOP_108",3,"Q2, Q3, Q5","E6","EIXO 5 – INFRAESTRUTURA FÍSICA","D11","Dimensão 11: Políticas de Gestão de Pessoal e Desenvolvimento Humano","Eixo 5","Likert",NA,"E5D11P146","E5D11P127",NA,"E5D11P129",NA,"Disponho de equipamentos de segurança (Equipamentos de proteção individual – EPI’s – jaleco, máscaras, luvas, etc.) necessários para o desenvolvimento de minhas atividades e/ou Ergonomia.","Disponho de equipamentos de segurança necessários para o desenvolvimento de minhas atividades e/ou Ergonomia."
"TOP_109",3,"Q2, Q3, Q5","E6","EIXO 5 – INFRAESTRUTURA FÍSICA","D11","Dimensão 11: Políticas de Gestão de Pessoal e Desenvolvimento Humano","Eixo 5","Likert",NA,"E5D11P139","E5D11P120",NA,"E5D11P122",NA,"Me considero uma pessoa fisicamente saudável","Me considero uma pessoa fisicamente saudável"
"TOP_110",3,"Q2, Q3, Q5","E6","EIXO 5 – INFRAESTRUTURA FÍSICA","D11","Dimensão 11: Políticas de Gestão de Pessoal e Desenvolvimento Humano","Eixo 5","Likert",NA,"E5D11P135","E5D11P116",NA,"E5D11P118",NA,"Me sinto satisfeito em trabalhar na UNIOESTE","Me sinto satisfeito em trabalhar na UNIOESTE"
"TOP_111",3,"Q2, Q3, Q5","E6","EIXO 5 – INFRAESTRUTURA FÍSICA","D11","Dimensão 11: Políticas de Gestão de Pessoal e Desenvolvimento Humano","Eixo 5","Likert",NA,"E5D11P137","E5D11P118",NA,"E5D11P120",NA,"O ambiente onde trabalho permite expressão de diferenças religiosas, étnicas, políticas, de gênero e a pluralidade de ideias","O ambiente onde trabalho permite expressão de diferenças religiosas, étnicas, políticas, de gênero e a pluralidade de ideias"
"TOP_112",3,"Q2, Q3, Q5","E6","EIXO 5 – INFRAESTRUTURA FÍSICA","D11","Dimensão 11: Políticas de Gestão de Pessoal e Desenvolvimento Humano","Eixo 5","Likert",NA,"E5D11P144","E5D11P125",NA,"E5D11P127",NA,"O investimento em tecnologias é adequado para o desenvolvimento de meu trabalho","O investimento em tecnologias é adequado para o desenvolvimento de meu trabalho"
"TOP_113",3,"Q2, Q3, Q5","E6","EIXO 5 – INFRAESTRUTURA FÍSICA","D11","Dimensão 11: Políticas de Gestão de Pessoal e Desenvolvimento Humano","Eixo 5","Likert",NA,"E5D11P134","E5D11P115",NA,"E5D11P117",NA,"O meu ambiente de trabalho proporciona um clima organizacional agradável","O meu ambiente de trabalho proporciona um clima organizacional agradável"
"TOP_114",3,"Q2, Q3, Q5","E6","EIXO 5 – INFRAESTRUTURA FÍSICA","D11","Dimensão 11: Políticas de Gestão de Pessoal e Desenvolvimento Humano","Eixo 5","Likert",NA,"E5D11P143","E5D11P124",NA,"E5D11P126",NA,"Recebo feedbacks (retornos) de meu desempenho por parte de meu(s) superior(es)","Recebo feedbacks de meu desempenho por parte de meu superior"
"TOP_115",3,"Q2, Q3, Q5","E6","EIXO 5 – INFRAESTRUTURA FÍSICA","D11","Dimensão 11: Políticas de Gestão de Pessoal e Desenvolvimento Humano","Eixo 5","Likert",NA,"E5D11P142","E5D11P123",NA,"E5D11P125",NA,"Recebo suporte administrativo e de gestão, por parte da instituição, para o desenvolvimento de minhas atividades","Recebo suporte administrativo e de gestão, por parte da instituição, para o desenvolvimento de minhas atividades"
"TOP_116",3,"Q2, Q3, Q5","E6","EIXO 5 – INFRAESTRUTURA FÍSICA","D11","Dimensão 11: Políticas de Gestão de Pessoal e Desenvolvimento Humano","Eixo 5","Likert",NA,"E5D11P140","E5D11P121",NA,"E5D11P123",NA,"Sofri assédio moral por parte de colegas ou chefes","Sofri assédio moral por parte de colegas ou chefes"
"TOP_117",3,"Q1, Q2, Q3","E5","EIXO 5 – INFRAESTRUTURA FÍSICA","D7","Dimensão 7: Infraestrutura Física","Eixo 5","Likert","E5D7P93","E5D7P112","E5D7P93",NA,NA,NA,"A biblioteca possui acervo atualizado e suficiente para atender às necessidades dos cursos.","A biblioteca possui acervo atualizado e suficiente para atender às necessidades dos cursos."
"TOP_118",3,"Q1, Q2, Q3","E5","EIXO 5 – INFRAESTRUTURA FÍSICA","D7","Dimensão 7: Infraestrutura Física","Eixo 5","Likert","E5D7P86","E5D7P105","E5D7P86",NA,NA,NA,"A infraestrutura física da UNIOESTE de ensino, pesquisa e extensão está coerente com o estabelecido no Plano de Desenvolvimento Institucional (PDI).","A infraestrutura física da UNIOESTE de ensino, pesquisa e extensão está coerente com o estabelecido no Plano de Desenvolvimento Institucional."
"TOP_119",3,"Q1, Q2, Q3","E5","EIXO 5 – INFRAESTRUTURA FÍSICA","D7","Dimensão 7: Infraestrutura Física","Eixo 5","Likert","E5D7P112","E5D7P131","E5D7P112",NA,NA,NA,"A universidade adota práticas sustentáveis (uso racional de energia, coleta seletiva, reaproveitamento de água).","A universidade adota práticas sustentáveis."
"TOP_120",3,"Q1, Q2, Q3","E5","EIXO 5 – INFRAESTRUTURA FÍSICA","D7","Dimensão 7: Infraestrutura Física","Eixo 5","Likert","E5D7P87","E5D7P106","E5D7P87",NA,NA,NA,"As instalações gerais para a prática de esportes, atividades culturais e de lazer, espaços de convivência existem em quantidade e qualidade adequadas.","As instalações gerais para a prática de esportes, atividades culturais e de lazer, espaços de convivência existem em quantidade e qualidade adequadas."
"TOP_121",3,"Q1, Q2, Q3","E5","EIXO 5 – INFRAESTRUTURA FÍSICA","D7","Dimensão 7: Infraestrutura Física","Eixo 5","Likert","E5D7P89","E5D7P108","E5D7P89",NA,NA,NA,"No que tange ao acervo (físico e/ou digital), serviços e espaço físico da(s) biblioteca(s), podem ser verificadas ações de atualização e ampliação.","No que tange ao acervo, serviços e espaço físico da biblioteca, podem ser verificadas ações de atualização e ampliação."
"TOP_122",3,"Q1, Q2, Q3","E5","EIXO 5 – INFRAESTRUTURA FÍSICA","D7","Dimensão 7: Infraestrutura Física","Eixo 5","Likert","E5D7P95","E5D7P114","E5D7P95",NA,NA,NA,"O acesso aos serviços e materiais da biblioteca (físicos e digitais) é eficiente.","O acesso aos serviços e materiais da biblioteca é eficiente."
"TOP_123",3,"Q1, Q2, Q3","E5","EIXO 5 – INFRAESTRUTURA FÍSICA","D7","Dimensão 7: Infraestrutura Física","Eixo 5","Likert","E5D7P94","E5D7P113","E5D7P94",NA,NA,NA,"Os espaços da biblioteca (salas de estudo, computadores, áreas de leitura) são adequados.","Os espaços da biblioteca são adequados."
"TOP_124",3,"Q1, Q2, Q3","E5","EIXO 5 – INFRAESTRUTURA FÍSICA","D7","Dimensão 7: Infraestrutura Física","Eixo 5","Likert","E5D7P105","E5D7P124","E5D7P105",NA,NA,NA,"Os espaços de convivência (pátios, áreas de descanso, centros de vivência) são adequados e acolhedores.","Os espaços de convivência são adequados e acolhedores."
"TOP_125",2,"Q2, Q3","E2","EIXO 2 – DESENVOLVIMENTO INSTITUCIONAL","D1","Dimensão 1: Missão e Plano de Desenvolvimento Institucional (PDI)","Eixo 2","Likert",NA,"E2D1P18","E2D1P13",NA,NA,NA,"Os resultados da autoavaliação e das avaliações externas (ENADE, Reconhecimento, Renovação de Reconhecimento, Recredenciamento e outros) geram ações acadêmicas e administrativas que visam melhorias para os cursos e para a UNIOESTE.","Os resultados da autoavaliação e das avaliações externas geram ações acadêmicas e administrativas que visam melhorias para os cursos e para a..."
"TOP_126",2,"Q2, Q3","E2","EIXO 2 – DESENVOLVIMENTO INSTITUCIONAL","D1","Dimensão 1: Missão e Plano de Desenvolvimento Institucional (PDI)","Eixo 2","Likert",NA,"E2D1P17","E2D1P12",NA,NA,NA,"Os resultados da autoavaliação e das avaliações externas (ENADE, Reconhecimento, Renovação de Reconhecimento, Recredenciamento e outros) são utilizados como subsídios para a revisão permanente do planejamento dos cursos e institucional (PDI).","Os resultados da autoavaliação e das avaliações externas são utilizados como subsídios para a revisão permanente do planejamento dos cursos e..."
"TOP_127",2,"Q1, Q2","E3","EIXO 3 – POLÍTICAS ACADÊMICAS","D2","Dimensão 2: Políticas para o Ensino, a Pesquisa e a Extensão","Eixo 3","Likert","E3D2P40","E3D2P43",NA,NA,NA,NA,"A divulgação dos editais de iniciação científica é amplamente realizada, com informações claras e prazos adequados para que os estudantes possam participar dos projetos.","A divulgação dos editais de iniciação científica é amplamente realizada, com informações claras e prazos adequados para que os estudantes possam..."
"TOP_128",2,"Q1, Q2","E3","EIXO 3 – POLÍTICAS ACADÊMICAS","D2","Dimensão 2: Políticas para o Ensino, a Pesquisa e a Extensão","Eixo 3","Likert","E3D2P39","E3D2P42",NA,NA,NA,NA,"Há oportunidades para a participação de estudantes em projetos de iniciação científica.","Há oportunidades para a participação de estudantes em projetos de iniciação científica."
"TOP_129",2,"Q2, Q5","E3","EIXO 3 – POLÍTICAS ACADÊMICAS","D2","Dimensão 2: Políticas para o Ensino, a Pesquisa e a Extensão","Eixo 3","Likert",NA,"E3D2P46",NA,NA,"E3D2P35",NA,"Os grupos de pesquisa são estruturados e contam com apoio institucional.","Os grupos de pesquisa são estruturados e contam com apoio institucional."
"TOP_130",2,"Q1, Q2","E3","EIXO 3 – POLÍTICAS ACADÊMICAS","D9","Dimensão 9: Atendimento ao Estudante","Eixo 3","Likert","E3D9P68","E3D9P73",NA,NA,NA,NA,"As coordenações de curso estão disponíveis para atender às demandas acadêmicas dos estudantes.","As coordenações de curso estão disponíveis para atender às demandas acadêmicas dos estudantes."
"TOP_131",2,"Q1, Q2","E3","EIXO 3 – POLÍTICAS ACADÊMICAS","D9","Dimensão 9: Atendimento ao Estudante","Eixo 3","Likert","E3D9P60","E3D9P65",NA,NA,NA,NA,"Há apoio pedagógico aos discentes, para a realização de ensino, pesquisa extensão e divulgação da sua produção.","Há apoio pedagógico aos discentes, para a realização de ensino, pesquisa extensão e divulgação da sua produção."
"TOP_132",2,"Q1, Q2","E3","EIXO 3 – POLÍTICAS ACADÊMICAS","D9","Dimensão 9: Atendimento ao Estudante","Eixo 3","Likert","E3D9P66","E3D9P71",NA,NA,NA,NA,"Há canais de escuta e acolhimento acessíveis aos estudantes para que possam relatar suas dificuldades.","Há canais de escuta e acolhimento acessíveis aos estudantes para que possam relatar suas dificuldades."
"TOP_133",2,"Q1, Q2","E3","EIXO 3 – POLÍTICAS ACADÊMICAS","D9","Dimensão 9: Atendimento ao Estudante","Eixo 3","Likert","E3D9P65","E3D9P70",NA,NA,NA,NA,"O serviço de apoio psicológico, é efetivamente divulgado aos discentes.","O serviço de apoio psicológico, é efetivamente divulgado aos discentes."
"TOP_134",2,"Q1, Q2","E3","EIXO 3 – POLÍTICAS ACADÊMICAS","D9","Dimensão 9: Atendimento ao Estudante","Eixo 3","Likert","E3D9P67","E3D9P72",NA,NA,NA,NA,"Os estudantes são orientados sobre normas, regulamentos e trâmites acadêmicos desde seu ingresso.","Os estudantes são orientados sobre normas, regulamentos e trâmites acadêmicos desde seu ingresso."
"TOP_135",2,"Q2, Q3","E4","EIXO 4 – POLÍTICAS DE GESTÃO","D10","Dimensão 10: Sustentabilidade Financeira","Eixo 4","Likert",NA,"E4D10P95","E4D10P76",NA,NA,NA,"Há adequação entre o proposto no Plano de Desenvolvimento Institucional (PDI) a captação de recursos e o orçamento previsto; a compatibilidade entre cursos oferecidos e as verbas e os recursos disponíveis; e o controle entre as despesas efetivas e correntes, de capital e de investimento.","Há adequação entre o proposto no Plano de Desenvolvimento Institucional a captação de recursos e o orçamento previsto; a compatibilidade entre..."
"TOP_136",2,"Q2, Q3","E4","EIXO 4 – POLÍTICAS DE GESTÃO","D5","Dimensão 5: Políticas de Pessoal","Eixo 4","Likert",NA,"E4D5P78","E4D5P59",NA,NA,NA,"A estrutura organizacional é adequada para atender às demandas de ensino, pesquisa, extensão e de gestão.","A estrutura organizacional é adequada para atender às demandas de ensino, pesquisa, extensão e de gestão."
"TOP_137",2,"Q2, Q3","E4","EIXO 4 – POLÍTICAS DE GESTÃO","D5","Dimensão 5: Políticas de Pessoal","Eixo 4","Likert",NA,"E4D5P77","E4D5P58",NA,NA,NA,"As políticas de capacitação e de acompanhamento do trabalho docente implementadas na UNIOESTE estão em consonância com a legislação vigente.","As políticas de capacitação e de acompanhamento do trabalho docente implementadas na UNIOESTE estão em consonância com a legislação vigente."
"TOP_138",2,"Q2, Q3","E4","EIXO 4 – POLÍTICAS DE GESTÃO","D5","Dimensão 5: Políticas de Pessoal","Eixo 4","Likert",NA,"E4D5P76","E4D5P57",NA,NA,NA,"As políticas de desenvolvimento profissional e as condições de trabalho praticadas pelas UNIOESTE estão coerentes com as políticas firmadas no Plano de desenvolvimento Institucional (PDI).","As políticas de desenvolvimento profissional e as condições de trabalho praticadas pelas UNIOESTE estão coerentes com as políticas firmadas no..."
"TOP_139",2,"Q2, Q3","E6","EIXO 5 – INFRAESTRUTURA FÍSICA","D11","Dimensão 11: Políticas de Gestão de Pessoal e Desenvolvimento Humano","Eixo 5","Texto (Aberto)",NA,NA,NA,NA,NA,NA,"Descreva aqui suas sugestões para aperfeiçoamento do ambiente de trabalho na UNIOESTE","Descreva aqui suas sugestões para aperfeiçoamento do ambiente de trabalho na UNIOESTE"
"TOP_140",2,"Q2, Q3","E6","EIXO 5 – INFRAESTRUTURA FÍSICA","D11","Dimensão 11: Políticas de Gestão de Pessoal e Desenvolvimento Humano","Eixo 5","Likert",NA,"E5D11P141","E5D11P122",NA,NA,NA,"Recebo suporte pedagógico por parte da instituição para o desenvolvimento de minhas atividades","Recebo suporte pedagógico por parte da instituição para o desenvolvimento de minhas atividades"
"TOP_141",1,"Q4","E1","EIXO 1 – PLANEJAMENTO E AVALIAÇÃO INSTITUCIONAL","D4","Dimensão 4: Comunicação com a Sociedade","Eixo 1","Likert",NA,NA,NA,"E1D4P9",NA,NA,"A Avaliação institucional no âmbito dos SINAES (ENADE, IGC, CEA) é fundamental para a melhoria da qualidade dos cursos presenciais e a distância, promovendo reflexão sobre as ações e práticas pedagógicas da EaD.","A Avaliação institucional no âmbito dos SINAES é fundamental para a melhoria da qualidade dos cursos presenciais e a distância, promovendo..."
"TOP_142",1,"Q4","E1","EIXO 1 – PLANEJAMENTO E AVALIAÇÃO INSTITUCIONAL","D4","Dimensão 4: Comunicação com a Sociedade","Eixo 1","Likert",NA,NA,NA,"E1D4P6",NA,NA,"A Comissão Própria de Avaliação (CPA) divulga as análises, os resultados das avaliações e as informações correspondentes, assegurando acesso também aos alunos e tutores da EaD por meio das plataformas digitais e polos presenciais.","A Comissão Própria de Avaliação divulga as análises, os resultados das avaliações e as informações correspondentes, assegurando acesso também aos..."
"TOP_143",1,"Q4","E1","EIXO 1 – PLANEJAMENTO E AVALIAÇÃO INSTITUCIONAL","D4","Dimensão 4: Comunicação com a Sociedade","Eixo 1","Likert",NA,NA,NA,"E1D4P5",NA,NA,"A Comissão Própria de Avaliação (CPA) está implantada e funciona; há efetiva participação da comunidade interna (professores, tutores, estudantes e técnico-administrativos) e externa nos processos de autoavaliação institucional, incluindo a modalidade EaD.","A Comissão Própria de Avaliação está implantada e funciona; há efetiva participação da comunidade interna e externa nos processos de autoavaliação..."
"TOP_144",1,"Q4","E1","EIXO 1 – PLANEJAMENTO E AVALIAÇÃO INSTITUCIONAL","D4","Dimensão 4: Comunicação com a Sociedade","Eixo 1","Likert",NA,NA,NA,"E1D4P8",NA,NA,"A instituição executa ações de planejamento com base nos resultados dos processos internos e externos, contemplando indicadores específicos da EaD (acesso, evasão, engajamento e infraestrutura de polos).","A instituição executa ações de planejamento com base nos resultados dos processos internos e externos, contemplando indicadores específicos da EaD."
"TOP_145",1,"Q4","E1","EIXO 1 – PLANEJAMENTO E AVALIAÇÃO INSTITUCIONAL","D4","Dimensão 4: Comunicação com a Sociedade","Eixo 1","Likert",NA,NA,NA,"E1D4P7",NA,NA,"A UNIOESTE implementa ações acadêmico-administrativas baseadas nos resultados da autoavaliação e das avaliações externas, considerando as especificidades da EaD.","A UNIOESTE implementa ações acadêmico-administrativas baseadas nos resultados da autoavaliação e das avaliações externas, considerando as..."
"TOP_146",1,"Q4","E1","EIXO 1 – PLANEJAMENTO E AVALIAÇÃO INSTITUCIONAL","D4","Dimensão 4: Comunicação com a Sociedade","Eixo 1","Texto (Aberto)",NA,NA,NA,NA,NA,NA,"Descreva aqui suas sugestões para o planejamento e a avaliação institucional da UNIOESTE, considerando a Educação a Distância.","Descreva aqui suas sugestões para o planejamento e a avaliação institucional da UNIOESTE, considerando a Educação a Distância."
"TOP_147",1,"Q4","E1","EIXO 1 – PLANEJAMENTO E AVALIAÇÃO INSTITUCIONAL","D4","Dimensão 4: Comunicação com a Sociedade","Eixo 1","Likert",NA,NA,NA,"E1D4P4",NA,NA,"O planejamento e a avaliação, especialmente em relação aos processos, resultados e eficácia da autoavaliação institucional da UNIOESTE, estão coerentes com o especificado no planejamento institucional (PDI) e contemplam adequadamente a modalidade de Educação a Distância (EaD).","O planejamento e a avaliação, especialmente em relação aos processos, resultados e eficácia da autoavaliação institucional da UNIOESTE, estão..."
"TOP_148",1,"Q5","E1","EIXO 1 – PLANEJAMENTO E AVALIAÇÃO INSTITUCIONAL","D8","Dimensão 8: Planejamento e Avaliação","Eixo 1","Likert",NA,NA,NA,NA,"E1D8P7",NA,"A gestão do HUOP acompanha e utiliza os resultados das avaliações institucionais e externas (SINAES, ENADE, IGC).","A gestão do HUOP acompanha e utiliza os resultados das avaliações institucionais e externas."
"TOP_149",1,"Q5","E1","EIXO 1 – PLANEJAMENTO E AVALIAÇÃO INSTITUCIONAL","D8","Dimensão 8: Planejamento e Avaliação","Eixo 1","Likert",NA,NA,NA,NA,NA,NA,"Há efetiva participação dos profissionais assistenciais, docentes e administrativos do HUOP nos processos de avaliação institucional.","Há efetiva participação dos profissionais assistenciais, docentes e administrativos do HUOP nos processos de avaliação institucional."
"TOP_150",1,"Q5","E1","EIXO 1 – PLANEJAMENTO E AVALIAÇÃO INSTITUCIONAL","D8","Dimensão 8: Planejamento e Avaliação","Eixo 1","Likert",NA,NA,NA,NA,"E1D8P8",NA,"O HUOP possui indicadores próprios de qualidade assistencial, ensino e pesquisa, acompanhados regularmente.","O HUOP possui indicadores próprios de qualidade assistencial, ensino e pesquisa, acompanhados regularmente."
"TOP_151",1,"Q5","E1","EIXO 1 – PLANEJAMENTO E AVALIAÇÃO INSTITUCIONAL","D8","Dimensão 8: Planejamento e Avaliação","Eixo 1","Likert",NA,NA,NA,NA,"E1D8P4",NA,"O planejamento e a avaliação no HUOP estão coerentes com o Planejamento Institucional (PDI).","O planejamento e a avaliação no HUOP estão coerentes com o Planejamento Institucional."
"TOP_152",1,"Q5","E1","EIXO 1 – PLANEJAMENTO E AVALIAÇÃO INSTITUCIONAL","D8","Dimensão 8: Planejamento e Avaliação","Eixo 1","Likert",NA,NA,NA,NA,"E1D8P9",NA,"Os resultados da avaliação são compartilhados com a equipe e utilizados para implementar melhorias nos processos hospitalares.","Os resultados da avaliação são compartilhados com a equipe e utilizados para implementar melhorias nos processos hospitalares."
"TOP_153",1,"Q5","E1","EIXO 1 – PLANEJAMENTO E AVALIAÇÃO INSTITUCIONAL","D8","Dimensão 8: Planejamento e Avaliação","Eixo 1","Likert",NA,NA,NA,NA,NA,NA,"Sugestões para melhoria do planejamento e avaliação no HUOP:","Sugestões para melhoria do planejamento e avaliação no HUOP:"
"TOP_154",1,"Q4","E2","EIXO 2 – DESENVOLVIMENTO INSTITUCIONAL","D1","Dimensão 1: Missão e Plano de Desenvolvimento Institucional (PDI)","Eixo 2","Likert",NA,NA,NA,"E2D1P15",NA,NA,"A Unioeste deveria ampliar a oferta de cursos de graduação na modalidade EaD.","A Unioeste deveria ampliar a oferta de cursos de graduação na modalidade EaD."
"TOP_155",1,"Q4","E2","EIXO 2 – DESENVOLVIMENTO INSTITUCIONAL","D1","Dimensão 1: Missão e Plano de Desenvolvimento Institucional (PDI)","Eixo 2","Likert",NA,NA,NA,"E2D1P16",NA,NA,"A Unioeste deveria ampliar a oferta de cursos de pós-graduação na modalidade EaD.","A Unioeste deveria ampliar a oferta de cursos de pós-graduação na modalidade EaD."
"TOP_156",1,"Q5","E2","EIXO 2 – DESENVOLVIMENTO INSTITUCIONAL","D1","Dimensão 1: Missão e Plano de Desenvolvimento Institucional (PDI)","Eixo 2","Likert",NA,NA,NA,NA,"E2D1P12",NA,"As diretrizes do PDI são incorporadas nas rotinas do HUOP.","As diretrizes do PDI são incorporadas nas rotinas do HUOP."
"TOP_157",1,"Q4","E2","EIXO 2 – DESENVOLVIMENTO INSTITUCIONAL","D1","Dimensão 1: Missão e Plano de Desenvolvimento Institucional (PDI)","Eixo 2","Likert",NA,NA,NA,"E2D1P12",NA,NA,"As propostas do PDI estão alinhadas às demandas dos cursos EaD, considerando o perfil dos estudantes, a regionalização e as condições dos polos.","As propostas do PDI estão alinhadas às demandas dos cursos EaD, considerando o perfil dos estudantes, a regionalização e as condições dos polos."
"TOP_158",1,"Q4","E2","EIXO 2 – DESENVOLVIMENTO INSTITUCIONAL","D1","Dimensão 1: Missão e Plano de Desenvolvimento Institucional (PDI)","Eixo 2","Likert",NA,NA,NA,"E2D1P11",NA,NA,"As propostas do PDI estão sendo implementadas de acordo com as funções, órgãos e sistemas de gestão, incluindo a política institucional da EaD.","As propostas do PDI estão sendo implementadas de acordo com as funções, órgãos e sistemas de gestão, incluindo a política institucional da EaD."
"TOP_159",1,"Q4","E2","EIXO 2 – DESENVOLVIMENTO INSTITUCIONAL","D1","Dimensão 1: Missão e Plano de Desenvolvimento Institucional (PDI)","Eixo 2","Texto (Aberto)",NA,NA,NA,NA,NA,NA,"Descreva aqui suas sugestões para o Plano de Desenvolvimento Institucional (PDI) da UNIOESTE no que se refere à EaD.","Descreva aqui suas sugestões para o Plano de Desenvolvimento Institucional da UNIOESTE no que se refere à EaD."
"TOP_160",1,"Q5","E2","EIXO 2 – DESENVOLVIMENTO INSTITUCIONAL","D1","Dimensão 1: Missão e Plano de Desenvolvimento Institucional (PDI)","Eixo 2","Likert",NA,NA,NA,NA,"E2D1P15",NA,"O HUOP contribui para a formação acadêmica de estudantes de graduação e pós-graduação.","O HUOP contribui para a formação acadêmica de estudantes de graduação e pós-graduação."
"TOP_161",1,"Q5","E2","EIXO 2 – DESENVOLVIMENTO INSTITUCIONAL","D1","Dimensão 1: Missão e Plano de Desenvolvimento Institucional (PDI)","Eixo 2","Likert",NA,NA,NA,NA,"E2D1P13",NA,"O HUOP tem autonomia para adaptar políticas institucionais às suas necessidades operacionais e assistenciais.","O HUOP tem autonomia para adaptar políticas institucionais às suas necessidades operacionais e assistenciais."
"TOP_162",1,"Q5","E2","EIXO 2 – DESENVOLVIMENTO INSTITUCIONAL","D1","Dimensão 1: Missão e Plano de Desenvolvimento Institucional (PDI)","Eixo 2","Likert",NA,NA,NA,NA,"E2D1P14",NA,"Os resultados da autoavaliação do HUOP são utilizados para revisão e melhoria das práticas institucionais.","Os resultados da autoavaliação do HUOP são utilizados para revisão e melhoria das práticas institucionais."
"TOP_163",1,"Q4","E2","EIXO 2 – DESENVOLVIMENTO INSTITUCIONAL","D1","Dimensão 1: Missão e Plano de Desenvolvimento Institucional (PDI)","Eixo 2","Likert",NA,NA,NA,"E2D1P13",NA,NA,"Os resultados das avaliações (autoavaliação e externas) são utilizados na revisão do planejamento institucional e dos cursos EaD.","Os resultados das avaliações são utilizados na revisão do planejamento institucional e dos cursos EaD."
"TOP_164",1,"Q4","E2","EIXO 2 – DESENVOLVIMENTO INSTITUCIONAL","D1","Dimensão 1: Missão e Plano de Desenvolvimento Institucional (PDI)","Eixo 2","Likert",NA,NA,NA,"E2D1P14",NA,NA,"Os resultados das avaliações geram ações de melhoria específicas para a EaD (formação de tutores, ampliação do suporte técnico, atualização das plataformas).","Os resultados das avaliações geram ações de melhoria específicas para a EaD."
"TOP_165",1,"Q5","E2","EIXO 2 – DESENVOLVIMENTO INSTITUCIONAL","D1","Dimensão 1: Missão e Plano de Desenvolvimento Institucional (PDI)","Eixo 2","Likert",NA,NA,NA,NA,NA,NA,"Sugestões para o alinhamento do HUOP com o PDI:","Sugestões para o alinhamento do HUOP com o PDI:"
"TOP_166",1,"Q5","E2","EIXO 2 – DESENVOLVIMENTO INSTITUCIONAL","D3","Dimensão 3: Responsabilidade Social da Instituição","Eixo 2","Likert",NA,NA,NA,NA,"E2D3P24",NA,"As ações do HUOP estão alinhadas às diretrizes institucionais de sustentabilidade e responsabilidade social.","As ações do HUOP estão alinhadas às diretrizes institucionais de sustentabilidade e responsabilidade social."
"TOP_167",1,"Q5","E2","EIXO 2 – DESENVOLVIMENTO INSTITUCIONAL","D3","Dimensão 3: Responsabilidade Social da Instituição","Eixo 2","Likert",NA,NA,NA,NA,"E2D3P23",NA,"O HUOP contribui com ações de saúde, educação e inclusão social para a comunidade regional.","O HUOP contribui com ações de saúde, educação e inclusão social para a comunidade regional."
"TOP_168",1,"Q5","E2","EIXO 2 – DESENVOLVIMENTO INSTITUCIONAL","D3","Dimensão 3: Responsabilidade Social da Instituição","Eixo 2","Likert",NA,NA,NA,NA,"E2D3P22",NA,"O HUOP participa de iniciativas voltadas à preservação ambiental e à produção cultural/artística, quando aplicável.","O HUOP participa de iniciativas voltadas à preservação ambiental e à produção cultural/artística, quando aplicável."
"TOP_169",1,"Q5","E2","EIXO 2 – DESENVOLVIMENTO INSTITUCIONAL","D3","Dimensão 3: Responsabilidade Social da Instituição","Eixo 2","Likert",NA,NA,NA,NA,NA,NA,"Sugestões para o fortalecimento da responsabilidade social do HUOP:","Sugestões para o fortalecimento da responsabilidade social do HUOP:"
"TOP_170",1,"Q5","E3","EIXO 3 – POLÍTICAS ACADÊMICAS","D2","Dimensão 2: Políticas para o Ensino, a Pesquisa e a Extensão","Eixo 3","Likert",NA,NA,NA,NA,"E3D2P29",NA,"A capacitação docente e profissional no HUOP é adequada para garantir a qualidade do ensino.","A capacitação docente e profissional no HUOP é adequada para garantir a qualidade do ensino."
"TOP_171",1,"Q4","E3","EIXO 3 – POLÍTICAS ACADÊMICAS","D2","Dimensão 2: Políticas para o Ensino, a Pesquisa e a Extensão","Eixo 3","Likert",NA,NA,NA,"E3D2P36",NA,NA,") A instituição oferece suporte a estudantes EaD em vulnerabilidade social, considerando suas condições de acesso à internet e equipamentos.",") A instituição oferece suporte a estudantes EaD em vulnerabilidade social, considerando suas condições de acesso à internet e equipamentos."
"TOP_172",1,"Q2","E3","EIXO 3 – POLÍTICAS ACADÊMICAS","D2","Dimensão 2: Políticas para o Ensino, a Pesquisa e a Extensão","Eixo 3","Likert",NA,"E3D2P41",NA,NA,NA,NA,"A instituição reconhece e valoriza a produção científica docente em seus processos internos.","A instituição reconhece e valoriza a produção científica docente em seus processos internos."
"TOP_173",1,"Q5","E3","EIXO 3 – POLÍTICAS ACADÊMICAS","D2","Dimensão 2: Políticas para o Ensino, a Pesquisa e a Extensão","Eixo 3","Likert",NA,NA,NA,NA,"E3D2P28",NA,"A integração ensino-serviço permite aprendizado efetivo para os estudantes.","A integração ensino-serviço permite aprendizado efetivo para os estudantes."
"TOP_174",1,"Q4","E3","EIXO 3 – POLÍTICAS ACADÊMICAS","D2","Dimensão 2: Políticas para o Ensino, a Pesquisa e a Extensão","Eixo 3","Likert",NA,NA,NA,"E3D2P29",NA,NA,"A oferta de bolsas e incentivos à produção acadêmica contempla estudantes EaD de forma equitativa.","A oferta de bolsas e incentivos à produção acadêmica contempla estudantes EaD de forma equitativa."
"TOP_175",1,"Q4","E3","EIXO 3 – POLÍTICAS ACADÊMICAS","D2","Dimensão 2: Políticas para o Ensino, a Pesquisa e a Extensão","Eixo 3","Likert",NA,NA,NA,"E3D2P35",NA,NA,"A UNIOESTE acompanha egressos da EaD, estimulando atualização profissional e formação continuada.","A UNIOESTE acompanha egressos da EaD, estimulando atualização profissional e formação continuada."
"TOP_176",1,"Q2","E3","EIXO 3 – POLÍTICAS ACADÊMICAS","D2","Dimensão 2: Políticas para o Ensino, a Pesquisa e a Extensão","Eixo 3","Likert",NA,"E3D2P45",NA,NA,NA,NA,"A Unioeste incentiva a produção científica dos docentes por meio de políticas e editais próprios (divulgação científica, capacitação docente, entre outros.)","A Unioeste incentiva a produção científica dos docentes por meio de políticas e editais próprios"
"TOP_177",1,"Q5","E3","EIXO 3 – POLÍTICAS ACADÊMICAS","D2","Dimensão 2: Políticas para o Ensino, a Pesquisa e a Extensão","Eixo 3","Likert",NA,NA,NA,NA,"E3D2P37",NA,"As atividades de extensão e serviços assistenciais do HUOP atendem às demandas sociais da comunidade.","As atividades de extensão e serviços assistenciais do HUOP atendem às demandas sociais da comunidade."
"TOP_178",1,"Q4","E3","EIXO 3 – POLÍTICAS ACADÊMICAS","D2","Dimensão 2: Políticas para o Ensino, a Pesquisa e a Extensão","Eixo 3","Likert",NA,NA,NA,"E3D2P28",NA,NA,"As atividades de extensão na modalidade EaD têm relevância acadêmica e social, com participação ativa de alunos e professores.","As atividades de extensão na modalidade EaD têm relevância acadêmica e social, com participação ativa de alunos e professores."
"TOP_179",1,"Q4","E3","EIXO 3 – POLÍTICAS ACADÊMICAS","D2","Dimensão 2: Políticas para o Ensino, a Pesquisa e a Extensão","Eixo 3","Likert",NA,NA,NA,"E3D2P26",NA,NA,"As atividades pedagógicas e tecnológicas realizadas nos cursos EaD garantem a qualidade dos cursos e a interação entre docentes, tutores e discentes.","As atividades pedagógicas e tecnológicas realizadas nos cursos EaD garantem a qualidade dos cursos e a interação entre docentes, tutores e discentes."
"TOP_180",1,"Q4","E3","EIXO 3 – POLÍTICAS ACADÊMICAS","D2","Dimensão 2: Políticas para o Ensino, a Pesquisa e a Extensão","Eixo 3","Likert",NA,NA,NA,NA,NA,NA,"As coordenações de curso e os polos de apoio presencial estão disponíveis para atender às demandas acadêmicas dos alunos EaD.","As coordenações de curso e os polos de apoio presencial estão disponíveis para atender às demandas acadêmicas dos alunos EaD."
"TOP_181",1,"Q4","E3","EIXO 3 – POLÍTICAS ACADÊMICAS","D2","Dimensão 2: Políticas para o Ensino, a Pesquisa e a Extensão","Eixo 3","Likert",NA,NA,NA,"E3D2P34",NA,NA,"As políticas de acesso, seleção e permanência dos estudantes EaD são adequadas e levam em conta as realidades regionais e socioeconômicas.","As políticas de acesso, seleção e permanência dos estudantes EaD são adequadas e levam em conta as realidades regionais e socioeconômicas."
"TOP_182",1,"Q4","E3","EIXO 3 – POLÍTICAS ACADÊMICAS","D2","Dimensão 2: Políticas para o Ensino, a Pesquisa e a Extensão","Eixo 3","Likert",NA,NA,NA,"E3D2P32",NA,NA,"As políticas de atendimento aos discentes da EaD estão coerentes com o PDI.","As políticas de atendimento aos discentes da EaD estão coerentes com o PDI."
"TOP_183",1,"Q4","E3","EIXO 3 – POLÍTICAS ACADÊMICAS","D2","Dimensão 2: Políticas para o Ensino, a Pesquisa e a Extensão","Eixo 3","Likert",NA,NA,NA,"E3D2P25",NA,NA,"As políticas de ensino, pesquisa e extensão contemplam a modalidade EaD e estão coerentes com o PDI.","As políticas de ensino, pesquisa e extensão contemplam a modalidade EaD e estão coerentes com o PDI."
"TOP_184",1,"Q4","E3","EIXO 3 – POLÍTICAS ACADÊMICAS","D2","Dimensão 2: Políticas para o Ensino, a Pesquisa e a Extensão","Eixo 3","Texto (Aberto)",NA,NA,NA,NA,NA,NA,"Descreva aqui suas sugestões para o ENSINO na modalidade EaD.","Descreva aqui suas sugestões para o ENSINO na modalidade EaD."
"TOP_185",1,"Q5","E3","EIXO 3 – POLÍTICAS ACADÊMICAS","D2","Dimensão 2: Políticas para o Ensino, a Pesquisa e a Extensão","Eixo 3","Likert",NA,NA,NA,NA,"E3D2P32",NA,"Existe articulação entre a pesquisa desenvolvida no HUOP e os problemas regionais de saúde.","Existe articulação entre a pesquisa desenvolvida no HUOP e os problemas regionais de saúde."
"TOP_186",1,"Q4","E3","EIXO 3 – POLÍTICAS ACADÊMICAS","D2","Dimensão 2: Políticas para o Ensino, a Pesquisa e a Extensão","Eixo 3","Likert",NA,NA,NA,"E3D2P27",NA,NA,"Há acompanhamento efetivo das atividades de pesquisa e iniciação científica também para estudantes da EaD.","Há acompanhamento efetivo das atividades de pesquisa e iniciação científica também para estudantes da EaD."
"TOP_187",1,"Q4","E3","EIXO 3 – POLÍTICAS ACADÊMICAS","D2","Dimensão 2: Políticas para o Ensino, a Pesquisa e a Extensão","Eixo 3","Likert",NA,NA,NA,"E3D2P37",NA,NA,"Há acompanhamento para estudantes EaD com baixo desempenho ou dificuldades de aprendizagem, incluindo suporte psicopedagógico e tecnológico.","Há acompanhamento para estudantes EaD com baixo desempenho ou dificuldades de aprendizagem, incluindo suporte psicopedagógico e tecnológico."
"TOP_188",1,"Q4","E3","EIXO 3 – POLÍTICAS ACADÊMICAS","D2","Dimensão 2: Políticas para o Ensino, a Pesquisa e a Extensão","Eixo 3","Likert",NA,NA,NA,"E3D2P33",NA,NA,"Há apoio pedagógico e tecnológico adequado para a realização das atividades de ensino, pesquisa e extensão na EaD.","Há apoio pedagógico e tecnológico adequado para a realização das atividades de ensino, pesquisa e extensão na EaD."
"TOP_189",1,"Q4","E3","EIXO 3 – POLÍTICAS ACADÊMICAS","D2","Dimensão 2: Políticas para o Ensino, a Pesquisa e a Extensão","Eixo 3","Likert",NA,NA,NA,"E3D2P39",NA,NA,"Há canais digitais de escuta e acolhimento específicos para alunos EaD.","Há canais digitais de escuta e acolhimento específicos para alunos EaD."
"TOP_190",1,"Q5","E3","EIXO 3 – POLÍTICAS ACADÊMICAS","D2","Dimensão 2: Políticas para o Ensino, a Pesquisa e a Extensão","Eixo 3","Likert",NA,NA,NA,NA,"E3D2P38",NA,"Há integração entre extensão, ensino e pesquisa nas práticas assistenciais.","Há integração entre extensão, ensino e pesquisa nas práticas assistenciais."
"TOP_191",1,"Q5","E3","EIXO 3 – POLÍTICAS ACADÊMICAS","D2","Dimensão 2: Políticas para o Ensino, a Pesquisa e a Extensão","Eixo 3","Likert",NA,NA,NA,NA,"E3D2P31",NA,"O HUOP incentiva a participação de profissionais e estudantes em projetos de pesquisa aplicada.","O HUOP incentiva a participação de profissionais e estudantes em projetos de pesquisa aplicada."
"TOP_192",1,"Q5","E3","EIXO 3 – POLÍTICAS ACADÊMICAS","D2","Dimensão 2: Políticas para o Ensino, a Pesquisa e a Extensão","Eixo 3","Likert",NA,NA,NA,NA,"E3D2P27",NA,"O HUOP oferece oportunidades adequadas para práticas clínicas supervisionadas.","O HUOP oferece oportunidades adequadas para práticas clínicas supervisionadas."
"TOP_193",1,"Q4","E3","EIXO 3 – POLÍTICAS ACADÊMICAS","D2","Dimensão 2: Políticas para o Ensino, a Pesquisa e a Extensão","Eixo 3","Likert",NA,NA,NA,"E3D2P38",NA,NA,"O serviço de apoio psicológico é divulgado e acessível aos discentes EaD.","O serviço de apoio psicológico é divulgado e acessível aos discentes EaD."
"TOP_194",1,"Q5","E3","EIXO 3 – POLÍTICAS ACADÊMICAS","D2","Dimensão 2: Políticas para o Ensino, a Pesquisa e a Extensão","Eixo 3","Likert",NA,NA,NA,NA,"E3D2P33",NA,"Os editais e oportunidades de pesquisa são divulgados de forma clara e acessível.","Os editais e oportunidades de pesquisa são divulgados de forma clara e acessível."
"TOP_195",1,"Q4","E3","EIXO 3 – POLÍTICAS ACADÊMICAS","D2","Dimensão 2: Políticas para o Ensino, a Pesquisa e a Extensão","Eixo 3","Likert",NA,NA,NA,"E3D2P40",NA,NA,"Os estudantes EaD recebem orientação clara sobre normas, regulamentos e funcionamento da plataforma desde o ingresso.","Os estudantes EaD recebem orientação clara sobre normas, regulamentos e funcionamento da plataforma desde o ingresso."
"TOP_196",1,"Q5","E3","EIXO 3 – POLÍTICAS ACADÊMICAS","D2","Dimensão 2: Políticas para o Ensino, a Pesquisa e a Extensão","Eixo 3","Likert",NA,NA,NA,NA,"E3D2P39",NA,"Os profissionais e estudantes do HUOP são incentivados a participar de atividades extracurriculares de extensão.","Os profissionais e estudantes do HUOP são incentivados a participar de atividades extracurriculares de extensão."
"TOP_197",1,"Q5","E3","EIXO 3 – POLÍTICAS ACADÊMICAS","D2","Dimensão 2: Políticas para o Ensino, a Pesquisa e a Extensão","Eixo 3","Likert",NA,NA,NA,NA,NA,NA,"Sugestões para a extensão e integração com a comunidade:","Sugestões para a extensão e integração com a comunidade:"
"TOP_198",1,"Q5","E3","EIXO 3 – POLÍTICAS ACADÊMICAS","D2","Dimensão 2: Políticas para o Ensino, a Pesquisa e a Extensão","Eixo 3","Likert",NA,NA,NA,NA,NA,NA,"Sugestões para aprimorar a pesquisa no HUOP:","Sugestões para aprimorar a pesquisa no HUOP:"
"TOP_199",1,"Q5","E3","EIXO 3 – POLÍTICAS ACADÊMICAS","D2","Dimensão 2: Políticas para o Ensino, a Pesquisa e a Extensão","Eixo 3","Likert",NA,NA,NA,NA,NA,NA,"Sugestões para melhoria do ensino no HUOP:","Sugestões para melhoria do ensino no HUOP:"
"TOP_200",1,"Q5","E3","EIXO 3 – POLÍTICAS ACADÊMICAS","D4","Dimensão 4: Comunicação com a Sociedade","Eixo 3","Likert",NA,NA,NA,NA,"E3D4P43",NA,"A comunicação do HUOP com a comunidade externa é clara e acessível.","A comunicação do HUOP com a comunidade externa é clara e acessível."
"TOP_201",1,"Q5","E3","EIXO 3 – POLÍTICAS ACADÊMICAS","D4","Dimensão 4: Comunicação com a Sociedade","Eixo 3","Likert",NA,NA,NA,NA,"E3D4P44",NA,"A comunicação institucional é acessível às comunidades interna e externa e possibilitam a divulgação das ações da UNIOESTE/HUOP.","A comunicação institucional é acessível às comunidades interna e externa e possibilitam a divulgação das ações da UNIOESTE/HUOP."
"TOP_202",1,"Q5","E3","EIXO 3 – POLÍTICAS ACADÊMICAS","D4","Dimensão 4: Comunicação com a Sociedade","Eixo 3","Likert",NA,NA,NA,NA,"E3D4P49",NA,"Há canais eficientes para receber demandas da sociedade e responder adequadamente.","Há canais eficientes para receber demandas da sociedade e responder adequadamente."
"TOP_203",1,"Q5","E3","EIXO 3 – POLÍTICAS ACADÊMICAS","D4","Dimensão 4: Comunicação com a Sociedade","Eixo 3","Likert",NA,NA,NA,NA,"E3D4P48",NA,"Os resultados dos serviços assistenciais e acadêmicos do HUOP são divulgados de forma transparente.","Os resultados dos serviços assistenciais e acadêmicos do HUOP são divulgados de forma transparente."
"TOP_204",1,"Q5","E3","EIXO 3 – POLÍTICAS ACADÊMICAS","D4","Dimensão 4: Comunicação com a Sociedade","Eixo 3","Likert",NA,NA,NA,NA,NA,NA,"Sugestões para aprimorar a comunicação do HUOP:","Sugestões para aprimorar a comunicação do HUOP:"
"TOP_205",1,"Q5","E3","EIXO 3 – POLÍTICAS ACADÊMICAS","D9","Dimensão 9: Atendimento ao Estudante","Eixo 3","Likert",NA,NA,NA,NA,"E3D9P53",NA,"As condições de trabalho permitem o desempenho adequado das atividades assistenciais.","As condições de trabalho permitem o desempenho adequado das atividades assistenciais."
"TOP_206",1,"Q4","E3","EIXO 3 – POLÍTICAS ACADÊMICAS","D9","Dimensão 9: Atendimento ao Estudante","Eixo 3","Texto (Aberto)",NA,NA,NA,NA,NA,NA,"Descreva aqui suas sugestões para o Atendimento ao Discente na EaD.","Descreva aqui suas sugestões para o Atendimento ao Discente na EaD."
"TOP_207",1,"Q5","E3","EIXO 3 – POLÍTICAS ACADÊMICAS","D9","Dimensão 9: Atendimento ao Estudante","Eixo 3","Likert",NA,NA,NA,NA,"E3D9P54",NA,"Há acompanhamento institucional aos profissionais em situação de vulnerabilidade ou dificuldade.","Há acompanhamento institucional aos profissionais em situação de vulnerabilidade ou dificuldade."
"TOP_208",1,"Q5","E3","EIXO 3 – POLÍTICAS ACADÊMICAS","D9","Dimensão 9: Atendimento ao Estudante","Eixo 3","Likert",NA,NA,NA,NA,"E3D9P57",NA,"Há canais de escuta e acolhimento acessíveis para relatar suas dificuldades.","Há canais de escuta e acolhimento acessíveis para relatar suas dificuldades."
"TOP_209",1,"Q5","E3","EIXO 3 – POLÍTICAS ACADÊMICAS","D9","Dimensão 9: Atendimento ao Estudante","Eixo 3","Likert",NA,NA,NA,NA,"E3D9P52",NA,"O HUOP possui políticas claras de atendimento e suporte a seus profissionais.","O HUOP possui políticas claras de atendimento e suporte a seus profissionais."
"TOP_210",1,"Q4","E3","EIXO 3 – POLÍTICAS ACADÊMICAS","D9","Dimensão 9: Atendimento ao Estudante","Eixo 3","Likert",NA,NA,NA,"E3D9P42",NA,NA,"O suporte técnico e administrativo da EaD atende com eficiência e respeito.","O suporte técnico e administrativo da EaD atende com eficiência e respeito."
"TOP_211",1,"Q5","E3","EIXO 3 – POLÍTICAS ACADÊMICAS","D9","Dimensão 9: Atendimento ao Estudante","Eixo 3","Likert",NA,NA,NA,NA,"E3D9P58",NA,"Os estudantes e demais profissionais, são orientados sobre normas, regulamentos e trâmites acadêmicos/institucionais desde seu ingresso.","Os estudantes e demais profissionais, são orientados sobre normas, regulamentos e trâmites acadêmicos/institucionais desde seu ingresso."
"TOP_212",1,"Q5","E3","EIXO 3 – POLÍTICAS ACADÊMICAS","D9","Dimensão 9: Atendimento ao Estudante","Eixo 3","Likert",NA,NA,NA,NA,"E3D9P55",NA,"Os estudantes recebem suporte pedagógico e administrativo adequado durante suas atividades no HUOP.","Os estudantes recebem suporte pedagógico e administrativo adequado durante suas atividades no HUOP."
"TOP_213",1,"Q5","E3","EIXO 3 – POLÍTICAS ACADÊMICAS","D9","Dimensão 9: Atendimento ao Estudante","Eixo 3","Likert",NA,NA,NA,NA,NA,NA,"Sugestões para melhoria do atendimento aos profissionais e estudantes:","Sugestões para melhoria do atendimento aos profissionais e estudantes:"
"TOP_214",1,"Q5","E4","EIXO 4 – POLÍTICAS DE GESTÃO","D10","Dimensão 10: Sustentabilidade Financeira","Eixo 4","Texto (Aberto)",NA,NA,NA,NA,NA,NA,"Descreva aqui suas sugestões para a Sustentabilidade Financeira da UNIOESTE e do HUOP;","Descreva aqui suas sugestões para a Sustentabilidade Financeira da UNIOESTE e do HUOP;"
"TOP_215",1,"Q5","E4","EIXO 4 – POLÍTICAS DE GESTÃO","D10","Dimensão 10: Sustentabilidade Financeira","Eixo 4","Likert",NA,NA,NA,NA,"E4D10P78",NA,"Há transparência nas alternativas de captação de recursos (parcerias, convênios, editais).","Há transparência nas alternativas de captação de recursos."
"TOP_216",1,"Q5","E4","EIXO 4 – POLÍTICAS DE GESTÃO","D10","Dimensão 10: Sustentabilidade Financeira","Eixo 4","Likert",NA,NA,NA,NA,"E4D10P77",NA,"O HUOP utiliza os recursos financeiros de forma eficiente para manutenção e melhorias.","O HUOP utiliza os recursos financeiros de forma eficiente para manutenção e melhorias."
"TOP_217",1,"Q5","E4","EIXO 4 – POLÍTICAS DE GESTÃO","D5","Dimensão 5: Políticas de Pessoal","Eixo 4","Likert",NA,NA,NA,NA,"E4D5P61",NA,"As políticas de capacitação e acompanhamento do trabalho docente e assistencial estão alinhadas à legislação.","As políticas de capacitação e acompanhamento do trabalho docente e assistencial estão alinhadas à legislação."
"TOP_218",1,"Q5","E4","EIXO 4 – POLÍTICAS DE GESTÃO","D5","Dimensão 5: Políticas de Pessoal","Eixo 4","Likert",NA,NA,NA,NA,"E4D5P62",NA,"Há reconhecimento e valorização dos profissionais do HUOP.","Há reconhecimento e valorização dos profissionais do HUOP."
"TOP_219",1,"Q5","E4","EIXO 4 – POLÍTICAS DE GESTÃO","D5","Dimensão 5: Políticas de Pessoal","Eixo 4","Likert",NA,NA,NA,NA,"E4D5P60",NA,"O HUOP oferece oportunidades de desenvolvimento profissional contínuo.","O HUOP oferece oportunidades de desenvolvimento profissional contínuo."
"TOP_220",1,"Q5","E4","EIXO 4 – POLÍTICAS DE GESTÃO","D6","Dimensão 6: Organização e Gestão da Instituição","Eixo 4","Likert",NA,NA,NA,NA,"E4D6P69",NA,"A distribuição de tarefas é compatível com a carga horária e responsabilidades dos profissionais.","A distribuição de tarefas é compatível com a carga horária e responsabilidades dos profissionais."
"TOP_221",1,"Q5","E4","EIXO 4 – POLÍTICAS DE GESTÃO","D6","Dimensão 6: Organização e Gestão da Instituição","Eixo 4","Likert",NA,NA,NA,NA,"E4D6P67",NA,"A gestão do HUOP promove um ambiente de trabalho saudável, colaborativo e respeitoso.","A gestão do HUOP promove um ambiente de trabalho saudável, colaborativo e respeitoso."
"TOP_222",1,"Q5","E4","EIXO 4 – POLÍTICAS DE GESTÃO","D6","Dimensão 6: Organização e Gestão da Instituição","Eixo 4","Texto (Aberto)",NA,NA,NA,NA,NA,NA,"Descreva aqui suas sugestões para as Políticas de gestão do HUOP:","Descreva aqui suas sugestões para as Políticas de gestão do HUOP:"
"TOP_223",1,"Q5","E6","EIXO 5 – INFRAESTRUTURA FÍSICA","D11","Dimensão 11: Políticas de Gestão de Pessoal e Desenvolvimento Humano","Eixo 5","Texto (Aberto)",NA,NA,NA,NA,NA,NA,"Descreva aqui suas sugestões para aperfeiçoamento do ambiente de trabalho no HUOP:","Descreva aqui suas sugestões para aperfeiçoamento do ambiente de trabalho no HUOP:"
"TOP_224",1,"Q5","E6","EIXO 5 – INFRAESTRUTURA FÍSICA","D11","Dimensão 11: Políticas de Gestão de Pessoal e Desenvolvimento Humano","Eixo 5","Likert",NA,NA,NA,NA,"E5D11P124",NA,"O HUOP oferece suporte pedagógico, administrativo e tecnológico adequado para o desempenho das funções.","O HUOP oferece suporte pedagógico, administrativo e tecnológico adequado para o desempenho das funções."
"TOP_225",1,"Q4","E5","EIXO 5 – INFRAESTRUTURA FÍSICA","D7","Dimensão 7: Infraestrutura Física","Eixo 5","Likert",NA,NA,NA,"E5D7P50",NA,NA,"A estrutura tecnológica (computadores, rede, equipamentos audiovisuais) dos polos EaD é suficiente e funcional.","A estrutura tecnológica dos polos EaD é suficiente e funcional."
"TOP_226",1,"Q4","E5","EIXO 5 – INFRAESTRUTURA FÍSICA","D7","Dimensão 7: Infraestrutura Física","Eixo 5","Likert",NA,NA,NA,"E5D7P48",NA,NA,"A infraestrutura física e tecnológica dos polos EaD está adequada e coerente com o PDI.","A infraestrutura física e tecnológica dos polos EaD está adequada e coerente com o PDI."
"TOP_227",1,"Q5","E5","EIXO 5 – INFRAESTRUTURA FÍSICA","D7","Dimensão 7: Infraestrutura Física","Eixo 5","Likert",NA,NA,NA,NA,"E5D7P107",NA,"A instituição adota práticas sustentáveis na infraestrutura hospitalar.","A instituição adota práticas sustentáveis na infraestrutura hospitalar."
"TOP_228",1,"Q4","E5","EIXO 5 – INFRAESTRUTURA FÍSICA","D7","Dimensão 7: Infraestrutura Física","Eixo 5","Likert",NA,NA,NA,"E5D7P55",NA,NA,"A internet dos polos e o acesso remoto atendem às demandas de conectividade necessárias às atividades EaD.","A internet dos polos e o acesso remoto atendem às demandas de conectividade necessárias às atividades EaD."
"TOP_229",1,"Q5","E5","EIXO 5 – INFRAESTRUTURA FÍSICA","D7","Dimensão 7: Infraestrutura Física","Eixo 5","Likert",NA,NA,NA,NA,"E5D7P89",NA,"A manutenção de equipamentos médicos e tecnológicos é eficiente.","A manutenção de equipamentos médicos e tecnológicos é eficiente."
"TOP_230",1,"Q4","E5","EIXO 5 – INFRAESTRUTURA FÍSICA","D7","Dimensão 7: Infraestrutura Física","Eixo 5","Likert",NA,NA,NA,"E5D7P49",NA,NA,"As instalações dos polos (salas de estudo, laboratórios, biblioteca, acessibilidade) são adequadas e bem conservadas.","As instalações dos polos são adequadas e bem conservadas."
"TOP_231",1,"Q5","E5","EIXO 5 – INFRAESTRUTURA FÍSICA","D7","Dimensão 7: Infraestrutura Física","Eixo 5","Texto (Aberto)",NA,NA,NA,NA,NA,NA,"Descreva aqui suas sugestões para a INFRAESTRUTURA do HUOP:","Descreva aqui suas sugestões para a INFRAESTRUTURA do HUOP:"
"TOP_232",1,"Q4","E5","EIXO 5 – INFRAESTRUTURA FÍSICA","D7","Dimensão 7: Infraestrutura Física","Eixo 5","Texto (Aberto)",NA,NA,NA,NA,NA,NA,"Descreva aqui suas sugestões para a Infraestrutura dos cursos EaD (ambientes virtuais, polos e suporte técnico).","Descreva aqui suas sugestões para a Infraestrutura dos cursos EaD."
"TOP_233",1,"Q5","E5","EIXO 5 – INFRAESTRUTURA FÍSICA","D7","Dimensão 7: Infraestrutura Física","Eixo 5","Likert",NA,NA,NA,NA,"E5D7P97",NA,"Há acessibilidade e segurança nos ambientes do HUOP.","Há acessibilidade e segurança nos ambientes do HUOP."
"TOP_234",1,"Q4","E5","EIXO 5 – INFRAESTRUTURA FÍSICA","D7","Dimensão 7: Infraestrutura Física","Eixo 5","Likert",NA,NA,NA,"E5D7P53",NA,NA,"Há capacitação e orientação para o uso das plataformas digitais.","Há capacitação e orientação para o uso das plataformas digitais."
"TOP_235",1,"Q4","E5","EIXO 5 – INFRAESTRUTURA FÍSICA","D7","Dimensão 7: Infraestrutura Física","Eixo 5","Likert",NA,NA,NA,"E5D7P56",NA,NA,"Há integração entre polos, coordenação EaD e NEaDUni para manutenção e melhoria da infraestrutura.","Há integração entre polos, coordenação EaD e NEaDUni para manutenção e melhoria da infraestrutura."
"TOP_236",1,"Q4","E5","EIXO 5 – INFRAESTRUTURA FÍSICA","D7","Dimensão 7: Infraestrutura Física","Eixo 5","Likert",NA,NA,NA,"E5D7P51",NA,NA,"O ambiente virtual de aprendizagem (AVA) utilizado pela UNIOESTE EaD é estável, acessível e adequado às necessidades pedagógicas.","O ambiente virtual de aprendizagem utilizado pela UNIOESTE EaD é estável, acessível e adequado às necessidades pedagógicas."
"TOP_237",1,"Q5","E5","EIXO 5 – INFRAESTRUTURA FÍSICA","D7","Dimensão 7: Infraestrutura Física","Eixo 5","Likert",NA,NA,NA,NA,"E5D7P114",NA,"O HUOP adota práticas sustentáveis (uso racional de energia, coleta seletiva, reaproveitamento de água).","O HUOP adota práticas sustentáveis."
"TOP_238",1,"Q4","E5","EIXO 5 – INFRAESTRUTURA FÍSICA","D7","Dimensão 7: Infraestrutura Física","Eixo 5","Likert",NA,NA,NA,"E5D7P52",NA,NA,"O suporte técnico e pedagógico aos usuários (estudantes, tutores, professores) é eficiente e oferecido de forma contínua.","O suporte técnico e pedagógico aos usuários é eficiente e oferecido de forma contínua."
"TOP_239",1,"Q5","E5","EIXO 5 – INFRAESTRUTURA FÍSICA","D7","Dimensão 7: Infraestrutura Física","Eixo 5","Likert",NA,NA,NA,NA,"E5D7P88",NA,"Os ambientes assistenciais (ambulatórios, UTIs, enfermarias) são adequados e funcionais.","Os ambientes assistenciais são adequados e funcionais."
"TOP_240",1,"Q5","E5","EIXO 5 – INFRAESTRUTURA FÍSICA","D7","Dimensão 7: Infraestrutura Física","Eixo 5","Likert",NA,NA,NA,NA,"E5D7P96",NA,"Os espaços de convivência, alimentação e descanso são suficientes e acolhedores.","Os espaços de convivência, alimentação e descanso são suficientes e acolhedores."
"TOP_241",1,"Q5","E5","EIXO 5 – INFRAESTRUTURA FÍSICA","D7","Dimensão 7: Infraestrutura Física","Eixo 5","Likert",NA,NA,NA,NA,"E5D7P91",NA,"Os laboratórios e espaços de ensino prático estão adequados e bem equipados.","Os laboratórios e espaços de ensino prático estão adequados e bem equipados."
"TOP_242",1,"Q4","E5","EIXO 5 – INFRAESTRUTURA FÍSICA","D7","Dimensão 7: Infraestrutura Física","Eixo 5","Likert",NA,NA,NA,"E5D7P54",NA,NA,"Os materiais didáticos digitais (vídeos, e-books, fóruns) apresentam qualidade técnica e acessibilidade.","Os materiais didáticos digitais apresentam qualidade técnica e acessibilidade."
"TOP_243",1,"Q5","E5","EIXO 5 – INFRAESTRUTURA FÍSICA","D7","Dimensão 7: Infraestrutura Física","Eixo 5","Likert",NA,NA,NA,NA,"E5D7P95",NA,"Os serviços de saúde e bem-estar para profissionais e estudantes estão disponíveis e adequados.","Os serviços de saúde e bem-estar para profissionais e estudantes estão disponíveis e adequados."
