"ID_Topico","Eixo_Codigo","Dimensao_Codigo","Texto_Resumido","Texto_Pergunta","Grupos_Avaliados","Deltadissonancia","Grupo_Mais_Favoravel","Grupo_Menos_Favoravel","Campus"
"TOP_003","E5","D7","A QUALIDADE GERAL DO MEU CURSO para o ensino, pesquisa e extensão é excelente.","A QUALIDADE GERAL DO MEU CURSO para o ensino, pesquisa e extensão é excelente.","Q1, Q2, Q3, Q4, Q5, Q6",58.2,"Q4 (95.2%)","Q5 (37.0%)","Todos"
"TOP_018","E5","D7","Há suporte técnico e treinamento adequado para o uso das plataformas digitais.","Há suporte técnico e treinamento adequado para o uso das plataformas digitais.","Q1, Q2, Q3, Q4, Q5",36.9,"Q4 (77.1%)","Q1 (40.2%)","Todos"
"TOP_040","E3","D9","Há acompanhamento institucional aos estudantes com baixo desempenho ou dificuldades de aprendizagem.","Há acompanhamento institucional aos estudantes com baixo desempenho ou dificuldades de aprendizagem.","Q1, Q2, Q4, Q5",36.8,"Q4 (65.9%)","Q5 (29.1%)","Todos"
"TOP_020","E5","D7","Os ambientes virtuais de aprendizagem e sistemas acadêmicos funcionam de forma eficiente.","Os ambientes virtuais de aprendizagem (Teams, Moodle, entre outros) e sistemas acadêmicos funcionam de forma eficiente.","Q1, Q2, Q3, Q4, Q5",36.4,"Q4 (84.5%)","Q5 (48.1%)","Todos"
"TOP_070","E3","D2","A estrutura curricular possibilita a flexibilidade acadêmica e a interdisciplinaridade.","A estrutura curricular possibilita a flexibilidade acadêmica e a interdisciplinaridade.","Q1, Q2, Q4",36,"Q4 (90.9%)","Q1 (54.9%)","Todos"
"TOP_007","E2","D3","As ações de responsabilidade e inclusão social praticadas pela UNIOESTE estão coerentes com o planejamento e executado nos documentos oficiais.","As ações de responsabilidade e inclusão social praticadas pela UNIOESTE estão coerentes com o planejamento (PDI) e executado nos documentos oficiais.","Q1, Q2, Q3, Q4, Q5",35.9,"Q4 (86.8%)","Q5 (50.9%)","Todos"
"TOP_004","E5","D7","QUALIDADE GERAL DA UNIOESTE para o ensino, pesquisa e extensão é excelente.","QUALIDADE GERAL DA UNIOESTE para o ensino, pesquisa e extensão é excelente.","Q1, Q2, Q3, Q4, Q5, Q6",34.5,"Q4 (93.8%)","Q5 (59.3%)","Todos"
"TOP_080","E3","D2","As atividades planejadas e realizadas nos cursos PRESENCIAIS de pós-graduação garantem a qualidade desses cursos.","As atividades planejadas e realizadas nos cursos PRESENCIAIS de pós-graduação (lato sensu e stricto sensu) garantem a qualidade desses cursos.","Q1, Q2, Q3",32.8,"Q2 (82.9%)","Q1 (50.1%)","Todos"
"TOP_108","E6","D11","Disponho de equipamentos de segurança necessários para o desenvolvimento de minhas atividades e/ou Ergonomia.","Disponho de equipamentos de segurança (Equipamentos de proteção individual – EPI’s – jaleco, máscaras, luvas, etc.) necessários para o desenvolvimento de minhas atividades e/ou Ergonomia.","Q2, Q3, Q5",31.4,"Q5 (70.4%)","Q2 (39.0%)","Todos"
"TOP_001","E2","D3","A Missão da UNIOESTE como instituição pública multicampi está sendo cumprida.","A Missão da UNIOESTE como instituição pública multicampi (de produzir, sistematizar e socializar o conhecimento, contribuir com o desenvolvimento humano, científico, tecnológico e regional, e comprometer-se com a justiça, a democracia, a cidadania e a responsabilidade social) está sendo cumprida.","Q1, Q2, Q3, Q4, Q5, Q6",31.2,"Q4 (93.7%)","Q6 (62.5%)","Todos"
"TOP_003","E5","D7","A QUALIDADE GERAL DO MEU CURSO para o ensino, pesquisa e extensão é excelente.","A QUALIDADE GERAL DO MEU CURSO para o ensino, pesquisa e extensão é excelente.","Q1, Q2, Q3, Q6",51.7,"Q2 (89.2%)","Q6 (37.5%)","Cascavel"
"TOP_080","E3","D2","As atividades planejadas e realizadas nos cursos PRESENCIAIS de pós-graduação garantem a qualidade desses cursos.","As atividades planejadas e realizadas nos cursos PRESENCIAIS de pós-graduação (lato sensu e stricto sensu) garantem a qualidade desses cursos.","Q1, Q2, Q3",33.3,"Q2 (82.5%)","Q1 (49.2%)","Cascavel"
"TOP_127","E3","D2","A divulgação dos editais de iniciação científica é amplamente realizada, com informações claras e prazos adequados para que os estudantes possam...","A divulgação dos editais de iniciação científica é amplamente realizada, com informações claras e prazos adequados para que os estudantes possam participar dos projetos.","Q1, Q2",31.1,"Q2 (81.0%)","Q1 (49.9%)","Cascavel"
"TOP_001","E2","D3","A Missão da UNIOESTE como instituição pública multicampi está sendo cumprida.","A Missão da UNIOESTE como instituição pública multicampi (de produzir, sistematizar e socializar o conhecimento, contribuir com o desenvolvimento humano, científico, tecnológico e regional, e comprometer-se com a justiça, a democracia, a cidadania e a responsabilidade social) está sendo cumprida.","Q1, Q2, Q3, Q6",27.4,"Q3 (89.9%)","Q6 (62.5%)","Cascavel"
"TOP_002","E2","D3","A Visão da Universidade de ser referência como universidade pública na produção e socialização do conhecimento, comprometida com a formação de...","A Visão da Universidade de ser referência como universidade pública na produção e socialização do conhecimento, comprometida com a formação de profissionais para atuar com base em princípios éticos para o exercício da cidadania, está sendo alcançada.","Q1, Q2, Q3, Q6",26.6,"Q2 (89.1%)","Q6 (62.5%)","Cascavel"
"TOP_101","E4","D6","O funcionamento e a representatividade nos colegiados de curso, cumprem os dispositivos regimentais e estatutários.","O funcionamento e a representatividade nos colegiados de curso, cumprem os dispositivos regimentais e estatutários.","Q1, Q2, Q3",26.3,"Q2 (81.0%)","Q1 (54.7%)","Cascavel"
"TOP_018","E5","D7","Há suporte técnico e treinamento adequado para o uso das plataformas digitais.","Há suporte técnico e treinamento adequado para o uso das plataformas digitais.","Q1, Q2, Q3",24.7,"Q3 (64.5%)","Q1 (39.8%)","Cascavel"
"TOP_042","E4","D10","A instituição busca alternativas de captação de recursos.","A instituição busca alternativas de captação de recursos (editais, parcerias, convênios).","Q1, Q2, Q3",23.9,"Q2 (75.0%)","Q1 (51.1%)","Cascavel"
"TOP_090","E3","D9","Os setores administrativos prestam atendimento eficiente e respeitoso aos alunos.","Os setores administrativos prestam atendimento eficiente e respeitoso aos alunos.","Q1, Q2, Q3",23.3,"Q3 (85.0%)","Q1 (61.7%)","Cascavel"
"TOP_004","E5","D7","QUALIDADE GERAL DA UNIOESTE para o ensino, pesquisa e extensão é excelente.","QUALIDADE GERAL DA UNIOESTE para o ensino, pesquisa e extensão é excelente.","Q1, Q2, Q3, Q6",23.1,"Q2 (85.6%)","Q6 (62.5%)","Cascavel"
"TOP_039","E3","D9","Em relação às Condições institucionais de atendimento ao discente, se verifica a adequação das políticas de acesso, seleção e permanência de...","Em relação às Condições institucionais de atendimento ao discente, se verifica a adequação das políticas de acesso, seleção e permanência de estudantes (critérios utilizados, acompanhamento pedagógico, espaço de participação e de convivência) praticadas pela UNIOESTE e há relação com as políticas públicas e com o contexto social.","Q1, Q2, Q3, Q4",65.2,"Q4 (100.0%)","Q1 (34.8%)","Foz do Iguaçu"
"TOP_003","E5","D7","A QUALIDADE GERAL DO MEU CURSO para o ensino, pesquisa e extensão é excelente.","A QUALIDADE GERAL DO MEU CURSO para o ensino, pesquisa e extensão é excelente.","Q1, Q2, Q3, Q4, Q6",62.5,"Q4 (100.0%)","Q6 (37.5%)","Foz do Iguaçu"
"TOP_038","E3","D9","A UNIOESTE desenvolve estratégias para acompanhar os egressos e seus empregadores à permanente atualização profissional, melhoria curricular, de...","A UNIOESTE desenvolve estratégias para acompanhar os egressos e seus empregadores à permanente atualização profissional, melhoria curricular, de formação profissional, ou cursos de pós-graduação (entre outros) que visem o aumento de empregabilidade e salários dos ex-alunos.","Q1, Q2, Q3, Q4",58.3,"Q4 (90.9%)","Q1 (32.6%)","Foz do Iguaçu"
"TOP_070","E3","D2","A estrutura curricular possibilita a flexibilidade acadêmica e a interdisciplinaridade.","A estrutura curricular possibilita a flexibilidade acadêmica e a interdisciplinaridade.","Q1, Q2, Q4",55.3,"Q4 (100.0%)","Q2 (44.7%)","Foz do Iguaçu"
"TOP_040","E3","D9","Há acompanhamento institucional aos estudantes com baixo desempenho ou dificuldades de aprendizagem.","Há acompanhamento institucional aos estudantes com baixo desempenho ou dificuldades de aprendizagem.","Q1, Q2, Q4",49.2,"Q4 (81.8%)","Q1 (32.6%)","Foz do Iguaçu"
"TOP_043","E4","D10","A instituição divulga as alternativas de captação de recursos.","A instituição divulga as alternativas de captação de recursos (editais, parcerias, convênios).","Q1, Q2, Q3",47.2,"Q3 (84.2%)","Q1 (37.0%)","Foz do Iguaçu"
"TOP_026","E2","D3","As ações da UNIOESTE, com vistas à defesa do meio ambiente, do patrimônio cultural e da produção artística, resultam de diretrizes institucionais...","As ações da UNIOESTE, com vistas à defesa do meio ambiente, do patrimônio cultural e da produção artística, resultam de diretrizes institucionais (PDI) e estão sendo implantadas e acompanhadas.","Q1, Q2, Q3, Q4",47,"Q4 (91.7%)","Q2 (44.7%)","Foz do Iguaçu"
"TOP_008","E2","D3","As relações da UNIOESTE com os setores da sociedade, incluindo ações para o desenvolvimento socioeconômico e educacional, estão sendo implantadas...","As relações da UNIOESTE com os setores da sociedade, incluindo ações para o desenvolvimento socioeconômico e educacional, estão sendo implantadas e acompanhadas.","Q1, Q2, Q3, Q4, Q6",44.7,"Q4 (100.0%)","Q2 (55.3%)","Foz do Iguaçu"
"TOP_133","E3","D9","O serviço de apoio psicológico, é efetivamente divulgado aos discentes.","O serviço de apoio psicológico, é efetivamente divulgado aos discentes.","Q1, Q2",41.9,"Q2 (78.9%)","Q1 (37.0%)","Foz do Iguaçu"
"TOP_018","E5","D7","Há suporte técnico e treinamento adequado para o uso das plataformas digitais.","Há suporte técnico e treinamento adequado para o uso das plataformas digitais.","Q1, Q2, Q3, Q4",40.2,"Q4 (75.0%)","Q1 (34.8%)","Foz do Iguaçu"
"TOP_003","E5","D7","A QUALIDADE GERAL DO MEU CURSO para o ensino, pesquisa e extensão é excelente.","A QUALIDADE GERAL DO MEU CURSO para o ensino, pesquisa e extensão é excelente.","Q1, Q2, Q3, Q6",50.6,"Q2 (88.1%)","Q6 (37.5%)","Francisco Beltrão"
"TOP_080","E3","D2","As atividades planejadas e realizadas nos cursos PRESENCIAIS de pós-graduação garantem a qualidade desses cursos.","As atividades planejadas e realizadas nos cursos PRESENCIAIS de pós-graduação (lato sensu e stricto sensu) garantem a qualidade desses cursos.","Q1, Q2, Q3",33.7,"Q2 (87.9%)","Q1 (54.2%)","Francisco Beltrão"
"TOP_074","E3","D2","A Unioeste promove ações de incentivo à internacionalização e à inserção de novas tecnologias no ensino","A Unioeste promove ações de incentivo à internacionalização e à inserção de novas tecnologias no ensino","Q1, Q2, Q3",28.7,"Q2 (76.1%)","Q3 (47.4%)","Francisco Beltrão"
"TOP_001","E2","D3","A Missão da UNIOESTE como instituição pública multicampi está sendo cumprida.","A Missão da UNIOESTE como instituição pública multicampi (de produzir, sistematizar e socializar o conhecimento, contribuir com o desenvolvimento humano, científico, tecnológico e regional, e comprometer-se com a justiça, a democracia, a cidadania e a responsabilidade social) está sendo cumprida.","Q1, Q2, Q3, Q6",28.4,"Q2 (90.9%)","Q6 (62.5%)","Francisco Beltrão"
"TOP_043","E4","D10","A instituição divulga as alternativas de captação de recursos.","A instituição divulga as alternativas de captação de recursos (editais, parcerias, convênios).","Q1, Q2, Q3",27.8,"Q2 (80.6%)","Q1 (52.8%)","Francisco Beltrão"
"TOP_127","E3","D2","A divulgação dos editais de iniciação científica é amplamente realizada, com informações claras e prazos adequados para que os estudantes possam...","A divulgação dos editais de iniciação científica é amplamente realizada, com informações claras e prazos adequados para que os estudantes possam participar dos projetos.","Q1, Q2",27.2,"Q2 (85.1%)","Q1 (57.9%)","Francisco Beltrão"
"TOP_004","E5","D7","QUALIDADE GERAL DA UNIOESTE para o ensino, pesquisa e extensão é excelente.","QUALIDADE GERAL DA UNIOESTE para o ensino, pesquisa e extensão é excelente.","Q1, Q2, Q3, Q6",26.9,"Q2 (89.4%)","Q6 (62.5%)","Francisco Beltrão"
"TOP_052","E5","D7","A manutenção predial está adequada para o desenvolvimento das ações pedagógicas e administrativas","A manutenção predial (elétrica, hidráulica, aberturas - janelas e portas) está adequada para o desenvolvimento das ações pedagógicas e administrativas","Q1, Q2, Q3",26.4,"Q2 (80.3%)","Q1 (53.9%)","Francisco Beltrão"
"TOP_002","E2","D3","A Visão da Universidade de ser referência como universidade pública na produção e socialização do conhecimento, comprometida com a formação de...","A Visão da Universidade de ser referência como universidade pública na produção e socialização do conhecimento, comprometida com a formação de profissionais para atuar com base em princípios éticos para o exercício da cidadania, está sendo alcançada.","Q1, Q2, Q3, Q6",25.6,"Q2 (88.1%)","Q6 (62.5%)","Francisco Beltrão"
"TOP_067","E1","D8","O planejamento e a avaliação, especialmente em relação aos processos, resultados e eficácia da autoavaliação institucional da UNIOESTE estão...","O planejamento e a avaliação, especialmente em relação aos processos, resultados e eficácia da autoavaliação institucional da UNIOESTE estão coerentes com o especificado no planejamento institucional (PDI).","Q1, Q2, Q3",23.5,"Q2 (76.1%)","Q3 (52.6%)","Francisco Beltrão"
"TOP_003","E5","D7","A QUALIDADE GERAL DO MEU CURSO para o ensino, pesquisa e extensão é excelente.","A QUALIDADE GERAL DO MEU CURSO para o ensino, pesquisa e extensão é excelente.","Q1, Q2, Q3, Q6",43,"Q2 (80.5%)","Q6 (37.5%)","Marechal"
"TOP_080","E3","D2","As atividades planejadas e realizadas nos cursos PRESENCIAIS de pós-graduação garantem a qualidade desses cursos.","As atividades planejadas e realizadas nos cursos PRESENCIAIS de pós-graduação (lato sensu e stricto sensu) garantem a qualidade desses cursos.","Q1, Q2, Q3",38.5,"Q2 (82.8%)","Q1 (44.3%)","Marechal"
"TOP_121","E5","D7","No que tange ao acervo, serviços e espaço físico da biblioteca, podem ser verificadas ações de atualização e ampliação.","No que tange ao acervo (físico e/ou digital), serviços e espaço físico da(s) biblioteca(s), podem ser verificadas ações de atualização e ampliação.","Q1, Q2, Q3",31.2,"Q2 (74.4%)","Q3 (43.2%)","Marechal"
"TOP_127","E3","D2","A divulgação dos editais de iniciação científica é amplamente realizada, com informações claras e prazos adequados para que os estudantes possam...","A divulgação dos editais de iniciação científica é amplamente realizada, com informações claras e prazos adequados para que os estudantes possam participar dos projetos.","Q1, Q2",28,"Q2 (80.2%)","Q1 (52.2%)","Marechal"
"TOP_018","E5","D7","Há suporte técnico e treinamento adequado para o uso das plataformas digitais.","Há suporte técnico e treinamento adequado para o uso das plataformas digitais.","Q1, Q2, Q3",27.2,"Q3 (64.9%)","Q1 (37.7%)","Marechal"
"TOP_001","E2","D3","A Missão da UNIOESTE como instituição pública multicampi está sendo cumprida.","A Missão da UNIOESTE como instituição pública multicampi (de produzir, sistematizar e socializar o conhecimento, contribuir com o desenvolvimento humano, científico, tecnológico e regional, e comprometer-se com a justiça, a democracia, a cidadania e a responsabilidade social) está sendo cumprida.","Q1, Q2, Q3, Q6",26.4,"Q3 (88.9%)","Q6 (62.5%)","Marechal"
"TOP_090","E3","D9","Os setores administrativos prestam atendimento eficiente e respeitoso aos alunos.","Os setores administrativos prestam atendimento eficiente e respeitoso aos alunos.","Q1, Q2, Q3",26.2,"Q3 (86.1%)","Q1 (59.9%)","Marechal"
"TOP_105","E6","D11","A carga horária e as atribuições são compatíveis e permitem realizar um bom trabalho","A carga horária e as atribuições são compatíveis e permitem realizar um bom trabalho","Q2, Q3",25.9,"Q3 (80.6%)","Q2 (54.7%)","Marechal"
"TOP_019","E5","D7","Os ambientes da instituição são limpos e bem conservados.","Os ambientes da instituição são limpos e bem conservados.","Q1, Q2, Q3, Q6",24.1,"Q2 (77.9%)","Q1 (53.8%)","Marechal"
"TOP_133","E3","D9","O serviço de apoio psicológico, é efetivamente divulgado aos discentes.","O serviço de apoio psicológico, é efetivamente divulgado aos discentes.","Q1, Q2",23.8,"Q2 (75.9%)","Q1 (52.1%)","Marechal"
"TOP_003","E5","D7","A QUALIDADE GERAL DO MEU CURSO para o ensino, pesquisa e extensão é excelente.","A QUALIDADE GERAL DO MEU CURSO para o ensino, pesquisa e extensão é excelente.","Q1, Q2, Q3, Q6",38.2,"Q2 (75.7%)","Q6 (37.5%)","Toledo"
"TOP_043","E4","D10","A instituição divulga as alternativas de captação de recursos.","A instituição divulga as alternativas de captação de recursos (editais, parcerias, convênios).","Q1, Q2, Q3",36.6,"Q3 (75.0%)","Q1 (38.4%)","Toledo"
"TOP_057","E5","D7","Os ambientes físicos são acessíveis a pessoas com deficiência ou mobilidade reduzida.","Os ambientes físicos são acessíveis a pessoas com deficiência ou mobilidade reduzida.","Q1, Q2, Q3",35.1,"Q3 (83.7%)","Q1 (48.6%)","Toledo"
"TOP_001","E2","D3","A Missão da UNIOESTE como instituição pública multicampi está sendo cumprida.","A Missão da UNIOESTE como instituição pública multicampi (de produzir, sistematizar e socializar o conhecimento, contribuir com o desenvolvimento humano, científico, tecnológico e regional, e comprometer-se com a justiça, a democracia, a cidadania e a responsabilidade social) está sendo cumprida.","Q1, Q2, Q3, Q6",34.9,"Q2 (97.4%)","Q6 (62.5%)","Toledo"
"TOP_052","E5","D7","A manutenção predial está adequada para o desenvolvimento das ações pedagógicas e administrativas","A manutenção predial (elétrica, hidráulica, aberturas - janelas e portas) está adequada para o desenvolvimento das ações pedagógicas e administrativas","Q1, Q2, Q3",34.7,"Q3 (76.7%)","Q1 (42.0%)","Toledo"
"TOP_101","E4","D6","O funcionamento e a representatividade nos colegiados de curso, cumprem os dispositivos regimentais e estatutários.","O funcionamento e a representatividade nos colegiados de curso, cumprem os dispositivos regimentais e estatutários.","Q1, Q2, Q3",33.8,"Q2 (81.6%)","Q1 (47.8%)","Toledo"
"TOP_042","E4","D10","A instituição busca alternativas de captação de recursos.","A instituição busca alternativas de captação de recursos (editais, parcerias, convênios).","Q1, Q2, Q3",32.6,"Q3 (81.8%)","Q1 (49.2%)","Toledo"
"TOP_041","E4","D10","A gestão orçamentária das Unidades gestoras contribui para a manutenção e melhoria da infraestrutura física e tecnológica.","A gestão orçamentária das Unidades gestoras (Reitoria, Campi - centros e cursos e HUOP)  contribui para a manutenção e melhoria da infraestrutura física e tecnológica.","Q1, Q2, Q3",31.7,"Q3 (72.7%)","Q1 (41.0%)","Toledo"
"TOP_061","E5","D7","Os recursos tecnológicos disponíveis nas salas são suficientes e funcionam adequadamente.","Os recursos tecnológicos disponíveis nas salas (projetores, computadores, internet) são suficientes e funcionam adequadamente.","Q1, Q2, Q3",31.4,"Q3 (73.8%)","Q1 (42.4%)","Toledo"
"TOP_105","E6","D11","A carga horária e as atribuições são compatíveis e permitem realizar um bom trabalho","A carga horária e as atribuições são compatíveis e permitem realizar um bom trabalho","Q2, Q3",31.4,"Q3 (78.6%)","Q2 (47.2%)","Toledo"
"TOP_001","E2","D3","A Missão da UNIOESTE como instituição pública multicampi está sendo cumprida.","A Missão da UNIOESTE como instituição pública multicampi (de produzir, sistematizar e socializar o conhecimento, contribuir com o desenvolvimento humano, científico, tecnológico e regional, e comprometer-se com a justiça, a democracia, a cidadania e a responsabilidade social) está sendo cumprida.","Q3, Q6",34.9,"Q3 (97.4%)","Q6 (62.5%)","Reitoria"
"TOP_002","E2","D3","A Visão da Universidade de ser referência como universidade pública na produção e socialização do conhecimento, comprometida com a formação de...","A Visão da Universidade de ser referência como universidade pública na produção e socialização do conhecimento, comprometida com a formação de profissionais para atuar com base em princípios éticos para o exercício da cidadania, está sendo alcançada.","Q3, Q6",33.6,"Q3 (96.1%)","Q6 (62.5%)","Reitoria"
"TOP_004","E5","D7","QUALIDADE GERAL DA UNIOESTE para o ensino, pesquisa e extensão é excelente.","QUALIDADE GERAL DA UNIOESTE para o ensino, pesquisa e extensão é excelente.","Q3, Q6",26,"Q3 (88.5%)","Q6 (62.5%)","Reitoria"
"TOP_008","E2","D3","As relações da UNIOESTE com os setores da sociedade, incluindo ações para o desenvolvimento socioeconômico e educacional, estão sendo implantadas...","As relações da UNIOESTE com os setores da sociedade, incluindo ações para o desenvolvimento socioeconômico e educacional, estão sendo implantadas e acompanhadas.","Q3, Q6",23.2,"Q3 (85.7%)","Q6 (62.5%)","Reitoria"
"TOP_037","E3","D4","Os resultados das ações de ensino, pesquisa e extensão são compartilhados com a comunidade externa.","Os resultados das ações de ensino, pesquisa e extensão são compartilhados com a comunidade externa.","Q3, Q6",15.7,"Q3 (78.2%)","Q6 (62.5%)","Reitoria"
"TOP_031","E3","D4","A comunicação institucional é acessível às comunidades interna e externa e possibilitam a divulgação das ações da UNIOESTE.","A comunicação institucional é acessível às comunidades interna e externa e possibilitam a divulgação das ações da UNIOESTE.","Q3, Q6",13.1,"Q3 (75.6%)","Q6 (62.5%)","Reitoria"
"TOP_032","E3","D4","A instituição utiliza, de forma eficiente, as mídias digitais e redes sociais para divulgar suas ações para a comunidade externa.","A instituição utiliza, de forma eficiente, as mídias digitais e redes sociais para divulgar suas ações para a comunidade externa.","Q3, Q6",12.8,"Q3 (75.3%)","Q6 (62.5%)","Reitoria"
"TOP_034","E3","D4","As ações de comunicação com a sociedade praticadas pela UNIOESTE estão coerentes com o plano de desenvolvimento institucional.","As ações de comunicação com a sociedade praticadas pela UNIOESTE estão coerentes com o plano de desenvolvimento institucional (PDI).","Q3, Q6",12.8,"Q3 (62.8%)","Q6 (50.0%)","Reitoria"
"TOP_010","E3","D4","A imagem da Unioeste é divulgada de forma ética e coerente, alinhada com a missão institucional.","A imagem da Unioeste é divulgada de forma ética e coerente, alinhada com a missão institucional.","Q3, Q6",12.2,"Q3 (87.2%)","Q6 (75.0%)","Reitoria"
"TOP_019","E5","D7","Os ambientes da instituição são limpos e bem conservados.","Os ambientes da instituição são limpos e bem conservados.","Q3, Q6",11.5,"Q3 (74.0%)","Q6 (62.5%)","Reitoria"
