"ID_Topico","Eixo_Codigo","Eixo_Nome","Dimensao_Codigo","Dimensao_Nome","Texto_Resumido","Texto_Pergunta","N_Total","P1_DiscTot","P2_DiscParc","P3_Neutro","P4_ConcParc","P5_ConcTot","Favorabilidade","Desfavorabilidade","Mediana","IIQ","Campus","Tipo_Painel"
"TOP_110","E6","Eixo 6 – Políticas de Gestão de Pessoal e Desenvolvimento Humano","D11","Dimensão 11: Políticas de Gestão de Pessoal e Desenvolvimento Humano","Me sinto satisfeito em trabalhar na UNIOESTE","Me sinto satisfeito em trabalhar na UNIOESTE",738,2.6,5.4,8,27.9,56.1,84,8,5,1,"Todos","Top_Forcas"
"TOP_006","E2","EIXO 2 – DESENVOLVIMENTO INSTITUCIONAL","D1","Dimensão 1: Missão e Plano de Desenvolvimento Institucional (PDI)","A Unioeste deveria ofertar novos cursos de pós-graduação.","A Unioeste deveria ofertar novos cursos de pós-graduação.",2814,1.3,2.1,12.9,16.1,67.6,83.7,3.4,5,1,"Todos","Top_Forcas"
"TOP_109","E6","Eixo 6 – Políticas de Gestão de Pessoal e Desenvolvimento Humano","D11","Dimensão 11: Políticas de Gestão de Pessoal e Desenvolvimento Humano","Me considero uma pessoa fisicamente saudável","Me considero uma pessoa fisicamente saudável",738,2.7,5.4,8.8,33.9,49.2,83.1,8.1,4,1,"Todos","Top_Forcas"
"TOP_002","E2","EIXO 2 – DESENVOLVIMENTO INSTITUCIONAL","D3","Dimensão 3: Responsabilidade Social da Instituição","A Visão da Universidade de ser referência como universidade pública na produção e socialização do conhecimento, comprometida com a formação de...","A Visão da Universidade de ser referência como universidade pública na produção e socialização do conhecimento, comprometida com a formação de profissionais para atuar com base em princípios éticos para o exercício da cidadania, está sendo alcançada.",3206,1.2,4.3,11.7,32.9,49.9,82.8,5.6,4,1,"Todos","Top_Forcas"
"TOP_001","E2","EIXO 2 – DESENVOLVIMENTO INSTITUCIONAL","D3","Dimensão 3: Responsabilidade Social da Instituição","A Missão da UNIOESTE como instituição pública multicampi está sendo cumprida.","A Missão da UNIOESTE como instituição pública multicampi (de produzir, sistematizar e socializar o conhecimento, contribuir com o desenvolvimento humano, científico, tecnológico e regional, e comprometer-se com a justiça, a democracia, a cidadania e a responsabilidade social) está sendo cumprida.",3198,1,4.1,12.3,32.7,49.9,82.6,5.1,4,1,"Todos","Top_Forcas"
"TOP_005","E2","EIXO 2 – DESENVOLVIMENTO INSTITUCIONAL","D1","Dimensão 1: Missão e Plano de Desenvolvimento Institucional (PDI)","A Unioeste deveria ofertar novos cursos de graduação.","A Unioeste deveria ofertar novos cursos de graduação.",2808,2.6,3.3,12.4,16.3,65.5,81.8,5.8,5,1,"Todos","Top_Forcas"
"TOP_081","E3","EIXO 3 – POLÍTICAS ACADÊMICAS","D2","Dimensão 2: Políticas para o Ensino, a Pesquisa e a Extensão","As atividades realizadas nos cursos de graduação na modalidade PRESENCIAL, garantem a qualidade desses cursos.","As atividades realizadas nos cursos de graduação na modalidade PRESENCIAL, garantem a qualidade desses cursos.",2760,2,7.2,12,34.2,44.6,78.8,9.2,4,1,"Todos","Top_Forcas"
"TOP_077","E3","EIXO 3 – POLÍTICAS ACADÊMICAS","D2","Dimensão 2: Políticas para o Ensino, a Pesquisa e a Extensão","As atividades de extensão possuem relevância acadêmica, científica e social no entorno institucional, e estão vinculadas com a formação acadêmica...","As atividades de extensão possuem relevância acadêmica, científica e social no entorno institucional, e estão vinculadas com a formação acadêmica dos alunos.",2755,2.9,5.3,13.5,27.7,50.6,78.3,8.2,5,1,"Todos","Top_Forcas"
"TOP_111","E6","Eixo 6 – Políticas de Gestão de Pessoal e Desenvolvimento Humano","D11","Dimensão 11: Políticas de Gestão de Pessoal e Desenvolvimento Humano","O ambiente onde trabalho permite expressão de diferenças religiosas, étnicas, políticas, de gênero e a pluralidade de ideias","O ambiente onde trabalho permite expressão de diferenças religiosas, étnicas, políticas, de gênero e a pluralidade de ideias",738,5,6.8,11.5,30.6,46.1,76.7,11.8,4,1,"Todos","Top_Forcas"
"TOP_010","E3","EIXO 3 – POLÍTICAS ACADÊMICAS","D4","Dimensão 4: Comunicação com a Sociedade","A imagem da Unioeste é divulgada de forma ética e coerente, alinhada com a missão institucional.","A imagem da Unioeste é divulgada de forma ética e coerente, alinhada com a missão institucional.",2809,1.2,4.1,18.2,28.3,48.2,76.5,5.3,4,1,"Todos","Top_Forcas"
"TOP_116","E6","Eixo 6 – Políticas de Gestão de Pessoal e Desenvolvimento Humano","D11","Dimensão 11: Políticas de Gestão de Pessoal e Desenvolvimento Humano","Sofri assédio moral por parte de colegas ou chefes","Sofri assédio moral por parte de colegas ou chefes",740,46.2,7.8,12.8,15.5,17.6,33.1,54.1,2,3,"Todos","Top_Melhorias"
"TOP_015","E5","EIXO 5 – INFRAESTRUTURA FÍSICA","D7","Dimensão 7: Infraestrutura Física","A infraestrutura de internet atende adequadamente a comunidade acadêmica.","A infraestrutura de internet (Wi-Fi, rede cabeada) atende adequadamente a comunidade acadêmica.",3176,14.5,17.2,17.8,25,25.5,50.4,31.7,4,3,"Todos","Top_Melhorias"
"TOP_062","E5","EIXO 5 – INFRAESTRUTURA FÍSICA","D7","Dimensão 7: Infraestrutura Física","Os serviços de alimentação são suficientes e de qualidade.","Os serviços de alimentação (restaurante universitário e/ou cantina) são suficientes e de qualidade.",2788,13.8,17.1,20.6,26.3,22.2,48.5,30.9,3,2,"Todos","Top_Melhorias"
"TOP_120","E5","EIXO 5 – INFRAESTRUTURA FÍSICA","D7","Dimensão 7: Infraestrutura Física","As instalações gerais para a prática de esportes, atividades culturais e de lazer, espaços de convivência existem em quantidade e qualidade adequadas.","As instalações gerais para a prática de esportes, atividades culturais e de lazer, espaços de convivência existem em quantidade e qualidade adequadas.",2729,13.2,17.6,22.1,27.2,19.9,47.1,30.8,3,2,"Todos","Top_Melhorias"
"TOP_047","E4","EIXO 4 – POLÍTICAS DE GESTÃO","D5","Dimensão 5: Políticas de Pessoal","As informações institucionais são de fácil acesso para a comunidade acadêmica.","As informações institucionais são de fácil acesso para a comunidade acadêmica.",1922,8.9,21.7,34.2,0,35.1,35.1,30.6,3,3,"Todos","Top_Melhorias"
"TOP_061","E5","EIXO 5 – INFRAESTRUTURA FÍSICA","D7","Dimensão 7: Infraestrutura Física","Os recursos tecnológicos disponíveis nas salas são suficientes e funcionam adequadamente.","Os recursos tecnológicos disponíveis nas salas (projetores, computadores, internet) são suficientes e funcionam adequadamente.",2785,10.5,18,17.9,31,22.6,53.6,28.4,4,2,"Todos","Top_Melhorias"
"TOP_018","E5","EIXO 5 – INFRAESTRUTURA FÍSICA","D7","Dimensão 7: Infraestrutura Física","Há suporte técnico e treinamento adequado para o uso das plataformas digitais.","Há suporte técnico e treinamento adequado para o uso das plataformas digitais.",3166,11.1,16.6,23.5,23.7,25.1,48.8,27.7,3,3,"Todos","Top_Melhorias"
"TOP_055","E5","EIXO 5 – INFRAESTRUTURA FÍSICA","D7","Dimensão 7: Infraestrutura Física","As salas de aula estão adequadamente equipadas.","As salas de aula estão adequadamente equipadas (mobiliário, iluminação, ventilação, acústica).",2781,9.6,17.5,17.4,31.1,24.3,55.4,27.1,4,2,"Todos","Top_Melhorias"
"TOP_053","E5","EIXO 5 – INFRAESTRUTURA FÍSICA","D7","Dimensão 7: Infraestrutura Física","A manutenção predial está adequada para o desenvolvimento das ações pedagógicas e administrativas.","A manutenção predial (pintura) está adequada para o desenvolvimento das ações pedagógicas e administrativas.",2784,10.3,16.3,22.8,28.5,22.1,50.5,26.7,4,2,"Todos","Top_Melhorias"
"TOP_124","E5","EIXO 5 – INFRAESTRUTURA FÍSICA","D7","Dimensão 7: Infraestrutura Física","Os espaços de convivência são adequados e acolhedores.","Os espaços de convivência (pátios, áreas de descanso, centros de vivência) são adequados e acolhedores.",2729,9.9,16.5,19.2,30.6,23.9,54.5,26.4,4,2,"Todos","Top_Melhorias"
"TOP_006","E2","EIXO 2 – DESENVOLVIMENTO INSTITUCIONAL","D1","Dimensão 1: Missão e Plano de Desenvolvimento Institucional (PDI)","A Unioeste deveria ofertar novos cursos de pós-graduação.","A Unioeste deveria ofertar novos cursos de pós-graduação.",702,1.1,1.7,10.8,15.5,70.8,86.3,2.8,5,1,"Cascavel","Top_Forcas"
"TOP_110","E6","Eixo 6 – Políticas de Gestão de Pessoal e Desenvolvimento Humano","D11","Dimensão 11: Políticas de Gestão de Pessoal e Desenvolvimento Humano","Me sinto satisfeito em trabalhar na UNIOESTE","Me sinto satisfeito em trabalhar na UNIOESTE",238,2.9,4.2,6.7,24.4,61.8,86.1,7.1,5,1,"Cascavel","Top_Forcas"
"TOP_005","E2","EIXO 2 – DESENVOLVIMENTO INSTITUCIONAL","D1","Dimensão 1: Missão e Plano de Desenvolvimento Institucional (PDI)","A Unioeste deveria ofertar novos cursos de graduação.","A Unioeste deveria ofertar novos cursos de graduação.",702,3,3.6,9.3,17.9,66.2,84.2,6.6,5,1,"Cascavel","Top_Forcas"
"TOP_002","E2","EIXO 2 – DESENVOLVIMENTO INSTITUCIONAL","D3","Dimensão 3: Responsabilidade Social da Instituição","A Visão da Universidade de ser referência como universidade pública na produção e socialização do conhecimento, comprometida com a formação de...","A Visão da Universidade de ser referência como universidade pública na produção e socialização do conhecimento, comprometida com a formação de profissionais para atuar com base em princípios éticos para o exercício da cidadania, está sendo alcançada.",705,1.6,4.8,10.4,36,47.2,83.3,6.4,4,1,"Cascavel","Top_Forcas"
"TOP_109","E6","Eixo 6 – Políticas de Gestão de Pessoal e Desenvolvimento Humano","D11","Dimensão 11: Políticas de Gestão de Pessoal e Desenvolvimento Humano","Me considero uma pessoa fisicamente saudável","Me considero uma pessoa fisicamente saudável",238,2.9,4.6,9.2,31.1,52.1,83.2,7.6,5,1,"Cascavel","Top_Forcas"
"TOP_001","E2","EIXO 2 – DESENVOLVIMENTO INSTITUCIONAL","D3","Dimensão 3: Responsabilidade Social da Instituição","A Missão da UNIOESTE como instituição pública multicampi está sendo cumprida.","A Missão da UNIOESTE como instituição pública multicampi (de produzir, sistematizar e socializar o conhecimento, contribuir com o desenvolvimento humano, científico, tecnológico e regional, e comprometer-se com a justiça, a democracia, a cidadania e a responsabilidade social) está sendo cumprida.",705,0.9,4.3,11.9,33.3,49.6,83,5.1,4,1,"Cascavel","Top_Forcas"
"TOP_076","E3","EIXO 3 – POLÍTICAS ACADÊMICAS","D2","Dimensão 2: Políticas para o Ensino, a Pesquisa e a Extensão","As atividades de extensão implantadas são acompanhadas com participação de professores e de estudantes.","As atividades de extensão implantadas são acompanhadas com participação de professores e de estudantes.",697,1.9,5.5,12.2,29.1,51.4,80.5,7.3,5,1,"Cascavel","Top_Forcas"
"TOP_081","E3","EIXO 3 – POLÍTICAS ACADÊMICAS","D2","Dimensão 2: Políticas para o Ensino, a Pesquisa e a Extensão","As atividades realizadas nos cursos de graduação na modalidade PRESENCIAL, garantem a qualidade desses cursos.","As atividades realizadas nos cursos de graduação na modalidade PRESENCIAL, garantem a qualidade desses cursos.",699,1.7,8,10.4,32.2,47.6,79.8,9.7,4,1,"Cascavel","Top_Forcas"
"TOP_113","E6","Eixo 6 – Políticas de Gestão de Pessoal e Desenvolvimento Humano","D11","Dimensão 11: Políticas de Gestão de Pessoal e Desenvolvimento Humano","O meu ambiente de trabalho proporciona um clima organizacional agradável","O meu ambiente de trabalho proporciona um clima organizacional agradável",237,5.1,8,7.2,34.6,45.1,79.7,13.1,4,1,"Cascavel","Top_Forcas"
"TOP_077","E3","EIXO 3 – POLÍTICAS ACADÊMICAS","D2","Dimensão 2: Políticas para o Ensino, a Pesquisa e a Extensão","As atividades de extensão possuem relevância acadêmica, científica e social no entorno institucional, e estão vinculadas com a formação acadêmica...","As atividades de extensão possuem relevância acadêmica, científica e social no entorno institucional, e estão vinculadas com a formação acadêmica dos alunos.",695,3,5.3,12.5,24.9,54.2,79.1,8.3,5,1,"Cascavel","Top_Forcas"
"TOP_116","E6","Eixo 6 – Políticas de Gestão de Pessoal e Desenvolvimento Humano","D11","Dimensão 11: Políticas de Gestão de Pessoal e Desenvolvimento Humano","Sofri assédio moral por parte de colegas ou chefes","Sofri assédio moral por parte de colegas ou chefes",239,47.3,5.9,11.7,16.3,18.8,35.1,53.1,2,3,"Cascavel","Top_Melhorias"
"TOP_047","E4","EIXO 4 – POLÍTICAS DE GESTÃO","D5","Dimensão 5: Políticas de Pessoal","As informações institucionais são de fácil acesso para a comunidade acadêmica.","As informações institucionais são de fácil acesso para a comunidade acadêmica.",500,11.4,24.6,26.8,0,37.2,37.2,36,3,3,"Cascavel","Top_Melhorias"
"TOP_062","E5","EIXO 5 – INFRAESTRUTURA FÍSICA","D7","Dimensão 7: Infraestrutura Física","Os serviços de alimentação são suficientes e de qualidade.","Os serviços de alimentação (restaurante universitário e/ou cantina) são suficientes e de qualidade.",689,17.9,16.7,18.9,26.6,20,46.6,34.5,3,2,"Cascavel","Top_Melhorias"
"TOP_018","E5","EIXO 5 – INFRAESTRUTURA FÍSICA","D7","Dimensão 7: Infraestrutura Física","Há suporte técnico e treinamento adequado para o uso das plataformas digitais.","Há suporte técnico e treinamento adequado para o uso das plataformas digitais.",690,12.5,18.4,20.9,24.6,23.6,48.3,30.9,3,2,"Cascavel","Top_Melhorias"
"TOP_015","E5","EIXO 5 – INFRAESTRUTURA FÍSICA","D7","Dimensão 7: Infraestrutura Física","A infraestrutura de internet atende adequadamente a comunidade acadêmica.","A infraestrutura de internet (Wi-Fi, rede cabeada) atende adequadamente a comunidade acadêmica.",690,12.6,17,14.5,30.6,25.4,55.9,29.6,4,3,"Cascavel","Top_Melhorias"
"TOP_040","E3","EIXO 3 – POLÍTICAS ACADÊMICAS","D9","Dimensão 9: Atendimento ao Estudante","Há acompanhamento institucional aos estudantes com baixo desempenho ou dificuldades de aprendizagem.","Há acompanhamento institucional aos estudantes com baixo desempenho ou dificuldades de aprendizagem.",572,12.8,16.8,23.1,24.3,23.1,47.4,29.5,3,2,"Cascavel","Top_Melhorias"
"TOP_133","E3","EIXO 3 – POLÍTICAS ACADÊMICAS","D9","Dimensão 9: Atendimento ao Estudante","O serviço de apoio psicológico, é efetivamente divulgado aos discentes.","O serviço de apoio psicológico, é efetivamente divulgado aos discentes.",573,13.3,15.9,20.6,23.9,26.4,50.3,29.1,4,3,"Cascavel","Top_Melhorias"
"TOP_112","E6","Eixo 6 – Políticas de Gestão de Pessoal e Desenvolvimento Humano","D11","Dimensão 11: Políticas de Gestão de Pessoal e Desenvolvimento Humano","O investimento em tecnologias é adequado para o desenvolvimento de meu trabalho","O investimento em tecnologias é adequado para o desenvolvimento de meu trabalho",237,10.5,17.7,10.5,32.5,28.7,61.2,28.3,4,3,"Cascavel","Top_Melhorias"
"TOP_052","E5","EIXO 5 – INFRAESTRUTURA FÍSICA","D7","Dimensão 7: Infraestrutura Física","A manutenção predial está adequada para o desenvolvimento das ações pedagógicas e administrativas","A manutenção predial (elétrica, hidráulica, aberturas - janelas e portas) está adequada para o desenvolvimento das ações pedagógicas e administrativas",689,8.7,19.6,19.4,31.6,20.6,52.2,28.3,4,2,"Cascavel","Top_Melhorias"
"TOP_120","E5","EIXO 5 – INFRAESTRUTURA FÍSICA","D7","Dimensão 7: Infraestrutura Física","As instalações gerais para a prática de esportes, atividades culturais e de lazer, espaços de convivência existem em quantidade e qualidade adequadas.","As instalações gerais para a prática de esportes, atividades culturais e de lazer, espaços de convivência existem em quantidade e qualidade adequadas.",692,10.4,17.2,20.7,30.3,21.4,51.7,27.6,4,2,"Cascavel","Top_Melhorias"
"TOP_110","E6","Eixo 6 – Políticas de Gestão de Pessoal e Desenvolvimento Humano","D11","Dimensão 11: Políticas de Gestão de Pessoal e Desenvolvimento Humano","Me sinto satisfeito em trabalhar na UNIOESTE","Me sinto satisfeito em trabalhar na UNIOESTE",58,1.7,3.4,8.6,39.7,46.6,86.2,5.2,4,1,"Foz do Iguaçu","Top_Forcas"
"TOP_002","E2","EIXO 2 – DESENVOLVIMENTO INSTITUCIONAL","D3","Dimensão 3: Responsabilidade Social da Instituição","A Visão da Universidade de ser referência como universidade pública na produção e socialização do conhecimento, comprometida com a formação de...","A Visão da Universidade de ser referência como universidade pública na produção e socialização do conhecimento, comprometida com a formação de profissionais para atuar com base em princípios éticos para o exercício da cidadania, está sendo alcançada.",124,0.8,5.6,9.7,37.9,46,83.9,6.5,4,1,"Foz do Iguaçu","Top_Forcas"
"TOP_077","E3","EIXO 3 – POLÍTICAS ACADÊMICAS","D2","Dimensão 2: Políticas para o Ensino, a Pesquisa e a Extensão","As atividades de extensão possuem relevância acadêmica, científica e social no entorno institucional, e estão vinculadas com a formação acadêmica...","As atividades de extensão possuem relevância acadêmica, científica e social no entorno institucional, e estão vinculadas com a formação acadêmica dos alunos.",104,0,4.8,11.5,35.6,48.1,83.7,4.8,4,1,"Foz do Iguaçu","Top_Forcas"
"TOP_111","E6","Eixo 6 – Políticas de Gestão de Pessoal e Desenvolvimento Humano","D11","Dimensão 11: Políticas de Gestão de Pessoal e Desenvolvimento Humano","O ambiente onde trabalho permite expressão de diferenças religiosas, étnicas, políticas, de gênero e a pluralidade de ideias","O ambiente onde trabalho permite expressão de diferenças religiosas, étnicas, políticas, de gênero e a pluralidade de ideias",58,3.4,8.6,5.2,29.3,53.4,82.8,12.1,5,1,"Foz do Iguaçu","Top_Forcas"
"TOP_130","E3","EIXO 3 – POLÍTICAS ACADÊMICAS","D9","Dimensão 9: Atendimento ao Estudante","As coordenações de curso estão disponíveis para atender às demandas acadêmicas dos estudantes.","As coordenações de curso estão disponíveis para atender às demandas acadêmicas dos estudantes.",83,4.8,4.8,8.4,33.7,48.2,81.9,9.6,4,1,"Foz do Iguaçu","Top_Forcas"
"TOP_001","E2","EIXO 2 – DESENVOLVIMENTO INSTITUCIONAL","D3","Dimensão 3: Responsabilidade Social da Instituição","A Missão da UNIOESTE como instituição pública multicampi está sendo cumprida.","A Missão da UNIOESTE como instituição pública multicampi (de produzir, sistematizar e socializar o conhecimento, contribuir com o desenvolvimento humano, científico, tecnológico e regional, e comprometer-se com a justiça, a democracia, a cidadania e a responsabilidade social) está sendo cumprida.",124,0,5.6,12.9,35.5,46,81.5,5.6,4,1,"Foz do Iguaçu","Top_Forcas"
"TOP_010","E3","EIXO 3 – POLÍTICAS ACADÊMICAS","D4","Dimensão 4: Comunicação com a Sociedade","A imagem da Unioeste é divulgada de forma ética e coerente, alinhada com a missão institucional.","A imagem da Unioeste é divulgada de forma ética e coerente, alinhada com a missão institucional.",112,0.9,2.7,17,29.5,50,79.5,3.6,4.5,1,"Foz do Iguaçu","Top_Forcas"
"TOP_109","E6","Eixo 6 – Políticas de Gestão de Pessoal e Desenvolvimento Humano","D11","Dimensão 11: Políticas de Gestão de Pessoal e Desenvolvimento Humano","Me considero uma pessoa fisicamente saudável","Me considero uma pessoa fisicamente saudável",58,3.4,6.9,10.3,34.5,44.8,79.3,10.3,4,1,"Foz do Iguaçu","Top_Forcas"
"TOP_107","E6","Eixo 6 – Políticas de Gestão de Pessoal e Desenvolvimento Humano","D11","Dimensão 11: Políticas de Gestão de Pessoal e Desenvolvimento Humano","Consigo equilibrar minha vida pessoal e profissional","Consigo equilibrar minha vida pessoal e profissional",58,5.2,8.6,6.9,39.7,39.7,79.3,13.8,4,1,"Foz do Iguaçu","Top_Forcas"
"TOP_113","E6","Eixo 6 – Políticas de Gestão de Pessoal e Desenvolvimento Humano","D11","Dimensão 11: Políticas de Gestão de Pessoal e Desenvolvimento Humano","O meu ambiente de trabalho proporciona um clima organizacional agradável","O meu ambiente de trabalho proporciona um clima organizacional agradável",58,5.2,8.6,8.6,48.3,29.3,77.6,13.8,4,1,"Foz do Iguaçu","Top_Forcas"
"TOP_116","E6","Eixo 6 – Políticas de Gestão de Pessoal e Desenvolvimento Humano","D11","Dimensão 11: Políticas de Gestão de Pessoal e Desenvolvimento Humano","Sofri assédio moral por parte de colegas ou chefes","Sofri assédio moral por parte de colegas ou chefes",58,37.9,15.5,13.8,13.8,19,32.8,53.4,2,3,"Foz do Iguaçu","Top_Melhorias"
"TOP_120","E5","EIXO 5 – INFRAESTRUTURA FÍSICA","D7","Dimensão 7: Infraestrutura Física","As instalações gerais para a prática de esportes, atividades culturais e de lazer, espaços de convivência existem em quantidade e qualidade adequadas.","As instalações gerais para a prática de esportes, atividades culturais e de lazer, espaços de convivência existem em quantidade e qualidade adequadas.",103,29.1,16.5,18.4,22.3,13.6,35.9,45.6,3,3,"Foz do Iguaçu","Top_Melhorias"
"TOP_047","E4","EIXO 4 – POLÍTICAS DE GESTÃO","D5","Dimensão 5: Políticas de Pessoal","As informações institucionais são de fácil acesso para a comunidade acadêmica.","As informações institucionais são de fácil acesso para a comunidade acadêmica.",71,12.7,25.4,25.4,0,36.6,36.6,38,3,3,"Foz do Iguaçu","Top_Melhorias"
"TOP_124","E5","EIXO 5 – INFRAESTRUTURA FÍSICA","D7","Dimensão 7: Infraestrutura Física","Os espaços de convivência são adequados e acolhedores.","Os espaços de convivência (pátios, áreas de descanso, centros de vivência) são adequados e acolhedores.",103,15.5,20.4,14.6,32,17.5,49.5,35.9,3,2,"Foz do Iguaçu","Top_Melhorias"
"TOP_105","E6","Eixo 6 – Políticas de Gestão de Pessoal e Desenvolvimento Humano","D11","Dimensão 11: Políticas de Gestão de Pessoal e Desenvolvimento Humano","A carga horária e as atribuições são compatíveis e permitem realizar um bom trabalho","A carga horária e as atribuições são compatíveis e permitem realizar um bom trabalho",58,17.2,17.2,6.9,27.6,31,58.6,34.5,4,3,"Foz do Iguaçu","Top_Melhorias"
"TOP_050","E5","EIXO 5 – INFRAESTRUTURA FÍSICA","D7","Dimensão 7: Infraestrutura Física","A infraestrutura dos serviços de saúde atende às necessidades da comunidade acadêmica.","A infraestrutura dos serviços de saúde (ambulatórios, atendimento psicológico, entre outros) atende às necessidades da comunidade acadêmica.",103,16.5,17.5,31.1,23.3,11.7,35,34,3,2,"Foz do Iguaçu","Top_Melhorias"
"TOP_015","E5","EIXO 5 – INFRAESTRUTURA FÍSICA","D7","Dimensão 7: Infraestrutura Física","A infraestrutura de internet atende adequadamente a comunidade acadêmica.","A infraestrutura de internet (Wi-Fi, rede cabeada) atende adequadamente a comunidade acadêmica.",115,13,20.9,9.6,33,23.5,56.5,33.9,4,2,"Foz do Iguaçu","Top_Melhorias"
"TOP_018","E5","EIXO 5 – INFRAESTRUTURA FÍSICA","D7","Dimensão 7: Infraestrutura Física","Há suporte técnico e treinamento adequado para o uso das plataformas digitais.","Há suporte técnico e treinamento adequado para o uso das plataformas digitais.",115,13,20,17.4,24.3,25.2,49.6,33,3,2.5,"Foz do Iguaçu","Top_Melhorias"
"TOP_123","E5","EIXO 5 – INFRAESTRUTURA FÍSICA","D7","Dimensão 7: Infraestrutura Física","Os espaços da biblioteca são adequados.","Os espaços da biblioteca (salas de estudo, computadores, áreas de leitura) são adequados.",103,12.6,18.4,20.4,27.2,21.4,48.5,31.1,3,2,"Foz do Iguaçu","Top_Melhorias"
"TOP_096","E4","EIXO 4 – POLÍTICAS DE GESTÃO","D6","Dimensão 6: Organização e Gestão da Instituição","A distribuição de atividades didático-pedagógicas e administrativas respeita a carga horária e a complexidade das tarefas.","A distribuição de atividades didático-pedagógicas e administrativas respeita a carga horária e a complexidade das tarefas.",57,15.8,14,15.8,36.8,17.5,54.4,29.8,4,2,"Foz do Iguaçu","Top_Melhorias"
"TOP_110","E6","Eixo 6 – Políticas de Gestão de Pessoal e Desenvolvimento Humano","D11","Dimensão 11: Políticas de Gestão de Pessoal e Desenvolvimento Humano","Me sinto satisfeito em trabalhar na UNIOESTE","Me sinto satisfeito em trabalhar na UNIOESTE",103,1,2.9,6.8,29.1,60.2,89.3,3.9,5,1,"Francisco Beltrão","Top_Forcas"
"TOP_006","E2","EIXO 2 – DESENVOLVIMENTO INSTITUCIONAL","D1","Dimensão 1: Missão e Plano de Desenvolvimento Institucional (PDI)","A Unioeste deveria ofertar novos cursos de pós-graduação.","A Unioeste deveria ofertar novos cursos de pós-graduação.",811,0.6,0.9,12.6,13.6,72.4,85.9,1.5,5,1,"Francisco Beltrão","Top_Forcas"
"TOP_109","E6","Eixo 6 – Políticas de Gestão de Pessoal e Desenvolvimento Humano","D11","Dimensão 11: Políticas de Gestão de Pessoal e Desenvolvimento Humano","Me considero uma pessoa fisicamente saudável","Me considero uma pessoa fisicamente saudável",103,1,7.8,5.8,35.9,49.5,85.4,8.7,4,1,"Francisco Beltrão","Top_Forcas"
"TOP_005","E2","EIXO 2 – DESENVOLVIMENTO INSTITUCIONAL","D1","Dimensão 1: Missão e Plano de Desenvolvimento Institucional (PDI)","A Unioeste deveria ofertar novos cursos de graduação.","A Unioeste deveria ofertar novos cursos de graduação.",809,1.9,1.5,12.5,13.5,70.7,84.2,3.3,5,1,"Francisco Beltrão","Top_Forcas"
"TOP_081","E3","EIXO 3 – POLÍTICAS ACADÊMICAS","D2","Dimensão 2: Políticas para o Ensino, a Pesquisa e a Extensão","As atividades realizadas nos cursos de graduação na modalidade PRESENCIAL, garantem a qualidade desses cursos.","As atividades realizadas nos cursos de graduação na modalidade PRESENCIAL, garantem a qualidade desses cursos.",807,1.1,5,10.5,32.7,50.7,83.4,6.1,5,1,"Francisco Beltrão","Top_Forcas"
"TOP_001","E2","EIXO 2 – DESENVOLVIMENTO INSTITUCIONAL","D3","Dimensão 3: Responsabilidade Social da Instituição","A Missão da UNIOESTE como instituição pública multicampi está sendo cumprida.","A Missão da UNIOESTE como instituição pública multicampi (de produzir, sistematizar e socializar o conhecimento, contribuir com o desenvolvimento humano, científico, tecnológico e regional, e comprometer-se com a justiça, a democracia, a cidadania e a responsabilidade social) está sendo cumprida.",812,1.2,4.4,12.8,32.9,48.6,81.5,5.7,4,1,"Francisco Beltrão","Top_Forcas"
"TOP_002","E2","EIXO 2 – DESENVOLVIMENTO INSTITUCIONAL","D3","Dimensão 3: Responsabilidade Social da Instituição","A Visão da Universidade de ser referência como universidade pública na produção e socialização do conhecimento, comprometida com a formação de...","A Visão da Universidade de ser referência como universidade pública na produção e socialização do conhecimento, comprometida com a formação de profissionais para atuar com base em princípios éticos para o exercício da cidadania, está sendo alcançada.",815,1.3,3.6,13.7,32.5,48.8,81.3,4.9,4,1,"Francisco Beltrão","Top_Forcas"
"TOP_077","E3","EIXO 3 – POLÍTICAS ACADÊMICAS","D2","Dimensão 2: Políticas para o Ensino, a Pesquisa e a Extensão","As atividades de extensão possuem relevância acadêmica, científica e social no entorno institucional, e estão vinculadas com a formação acadêmica...","As atividades de extensão possuem relevância acadêmica, científica e social no entorno institucional, e estão vinculadas com a formação acadêmica dos alunos.",805,1.6,3.7,14,26.7,53.9,80.6,5.3,5,1,"Francisco Beltrão","Top_Forcas"
"TOP_010","E3","EIXO 3 – POLÍTICAS ACADÊMICAS","D4","Dimensão 4: Comunicação com a Sociedade","A imagem da Unioeste é divulgada de forma ética e coerente, alinhada com a missão institucional.","A imagem da Unioeste é divulgada de forma ética e coerente, alinhada com a missão institucional.",811,0.9,2.6,17,25.6,53.9,79.5,3.5,5,1,"Francisco Beltrão","Top_Forcas"
"TOP_076","E3","EIXO 3 – POLÍTICAS ACADÊMICAS","D2","Dimensão 2: Políticas para o Ensino, a Pesquisa e a Extensão","As atividades de extensão implantadas são acompanhadas com participação de professores e de estudantes.","As atividades de extensão implantadas são acompanhadas com participação de professores e de estudantes.",801,0.7,3.9,16.5,27.6,51.3,78.9,4.6,5,1,"Francisco Beltrão","Top_Forcas"
"TOP_116","E6","Eixo 6 – Políticas de Gestão de Pessoal e Desenvolvimento Humano","D11","Dimensão 11: Políticas de Gestão de Pessoal e Desenvolvimento Humano","Sofri assédio moral por parte de colegas ou chefes","Sofri assédio moral por parte de colegas ou chefes",103,51.5,4.9,17.5,14.6,11.7,26.2,56.3,1,3,"Francisco Beltrão","Top_Melhorias"
"TOP_015","E5","EIXO 5 – INFRAESTRUTURA FÍSICA","D7","Dimensão 7: Infraestrutura Física","A infraestrutura de internet atende adequadamente a comunidade acadêmica.","A infraestrutura de internet (Wi-Fi, rede cabeada) atende adequadamente a comunidade acadêmica.",804,21.9,19.8,15.3,22,21,43,41.7,3,2,"Francisco Beltrão","Top_Melhorias"
"TOP_120","E5","EIXO 5 – INFRAESTRUTURA FÍSICA","D7","Dimensão 7: Infraestrutura Física","As instalações gerais para a prática de esportes, atividades culturais e de lazer, espaços de convivência existem em quantidade e qualidade adequadas.","As instalações gerais para a prática de esportes, atividades culturais e de lazer, espaços de convivência existem em quantidade e qualidade adequadas.",799,18.5,19.8,18.8,21.9,21,42.9,38.3,3,2,"Francisco Beltrão","Top_Melhorias"
"TOP_018","E5","EIXO 5 – INFRAESTRUTURA FÍSICA","D7","Dimensão 7: Infraestrutura Física","Há suporte técnico e treinamento adequado para o uso das plataformas digitais.","Há suporte técnico e treinamento adequado para o uso das plataformas digitais.",801,13.1,18,23.8,22.3,22.7,45.1,31.1,3,2,"Francisco Beltrão","Top_Melhorias"
"TOP_061","E5","EIXO 5 – INFRAESTRUTURA FÍSICA","D7","Dimensão 7: Infraestrutura Física","Os recursos tecnológicos disponíveis nas salas são suficientes e funcionam adequadamente.","Os recursos tecnológicos disponíveis nas salas (projetores, computadores, internet) são suficientes e funcionam adequadamente.",800,10.4,19.9,17,28,24.8,52.8,30.2,4,2,"Francisco Beltrão","Top_Melhorias"
"TOP_062","E5","EIXO 5 – INFRAESTRUTURA FÍSICA","D7","Dimensão 7: Infraestrutura Física","Os serviços de alimentação são suficientes e de qualidade.","Os serviços de alimentação (restaurante universitário e/ou cantina) são suficientes e de qualidade.",801,11.7,16.6,18.7,26,27,52.9,28.3,4,3,"Francisco Beltrão","Top_Melhorias"
"TOP_055","E5","EIXO 5 – INFRAESTRUTURA FÍSICA","D7","Dimensão 7: Infraestrutura Física","As salas de aula estão adequadamente equipadas.","As salas de aula estão adequadamente equipadas (mobiliário, iluminação, ventilação, acústica).",796,9.2,18.6,15.2,29.1,27.9,57,27.8,4,3,"Francisco Beltrão","Top_Melhorias"
"TOP_096","E4","EIXO 4 – POLÍTICAS DE GESTÃO","D6","Dimensão 6: Organização e Gestão da Instituição","A distribuição de atividades didático-pedagógicas e administrativas respeita a carga horária e a complexidade das tarefas.","A distribuição de atividades didático-pedagógicas e administrativas respeita a carga horária e a complexidade das tarefas.",105,9.5,17.1,13.3,27.6,32.4,60,26.7,4,3,"Francisco Beltrão","Top_Melhorias"
"TOP_047","E4","EIXO 4 – POLÍTICAS DE GESTÃO","D5","Dimensão 5: Políticas de Pessoal","As informações institucionais são de fácil acesso para a comunidade acadêmica.","As informações institucionais são de fácil acesso para a comunidade acadêmica.",564,7.1,18.6,32.4,0,41.8,41.8,25.7,3,3,"Francisco Beltrão","Top_Melhorias"
"TOP_106","E6","Eixo 6 – Políticas de Gestão de Pessoal e Desenvolvimento Humano","D11","Dimensão 11: Políticas de Gestão de Pessoal e Desenvolvimento Humano","As relações de trabalho afetam minha saúde mental","As relações de trabalho afetam minha saúde mental",103,17.5,7.8,17.5,33,24.3,57.3,25.2,4,1.5,"Francisco Beltrão","Top_Melhorias"
"TOP_109","E6","Eixo 6 – Políticas de Gestão de Pessoal e Desenvolvimento Humano","D11","Dimensão 11: Políticas de Gestão de Pessoal e Desenvolvimento Humano","Me considero uma pessoa fisicamente saudável","Me considero uma pessoa fisicamente saudável",121,3.3,0,9.9,37.2,49.6,86.8,3.3,4,1,"Marechal","Top_Forcas"
"TOP_006","E2","EIXO 2 – DESENVOLVIMENTO INSTITUCIONAL","D1","Dimensão 1: Missão e Plano de Desenvolvimento Institucional (PDI)","A Unioeste deveria ofertar novos cursos de pós-graduação.","A Unioeste deveria ofertar novos cursos de pós-graduação.",800,2.1,1.9,14.2,17.8,64,81.8,4,5,1,"Marechal","Top_Forcas"
"TOP_005","E2","EIXO 2 – DESENVOLVIMENTO INSTITUCIONAL","D1","Dimensão 1: Missão e Plano de Desenvolvimento Institucional (PDI)","A Unioeste deveria ofertar novos cursos de graduação.","A Unioeste deveria ofertar novos cursos de graduação.",799,3.4,2.9,14,17,62.7,79.7,6.3,5,1,"Marechal","Top_Forcas"
"TOP_002","E2","EIXO 2 – DESENVOLVIMENTO INSTITUCIONAL","D3","Dimensão 3: Responsabilidade Social da Instituição","A Visão da Universidade de ser referência como universidade pública na produção e socialização do conhecimento, comprometida com a formação de...","A Visão da Universidade de ser referência como universidade pública na produção e socialização do conhecimento, comprometida com a formação de profissionais para atuar com base em princípios éticos para o exercício da cidadania, está sendo alcançada.",801,1.4,5.4,14.9,38.3,40.1,78.4,6.7,4,1,"Marechal","Top_Forcas"
"TOP_001","E2","EIXO 2 – DESENVOLVIMENTO INSTITUCIONAL","D3","Dimensão 3: Responsabilidade Social da Instituição","A Missão da UNIOESTE como instituição pública multicampi está sendo cumprida.","A Missão da UNIOESTE como instituição pública multicampi (de produzir, sistematizar e socializar o conhecimento, contribuir com o desenvolvimento humano, científico, tecnológico e regional, e comprometer-se com a justiça, a democracia, a cidadania e a responsabilidade social) está sendo cumprida.",796,1.3,5,16.1,38.6,39.1,77.6,6.3,4,1,"Marechal","Top_Forcas"
"TOP_110","E6","Eixo 6 – Políticas de Gestão de Pessoal e Desenvolvimento Humano","D11","Dimensão 11: Políticas de Gestão de Pessoal e Desenvolvimento Humano","Me sinto satisfeito em trabalhar na UNIOESTE","Me sinto satisfeito em trabalhar na UNIOESTE",121,3.3,8.3,11.6,32.2,44.6,76.9,11.6,4,1,"Marechal","Top_Forcas"
"TOP_116","E6","Eixo 6 – Políticas de Gestão de Pessoal e Desenvolvimento Humano","D11","Dimensão 11: Políticas de Gestão de Pessoal e Desenvolvimento Humano","Sofri assédio moral por parte de colegas ou chefes","Sofri assédio moral por parte de colegas ou chefes",122,41,9,9,17.2,23.8,41,50,2.5,3,"Marechal","Top_Melhorias"
"TOP_015","E5","EIXO 5 – INFRAESTRUTURA FÍSICA","D7","Dimensão 7: Infraestrutura Física","A infraestrutura de internet atende adequadamente a comunidade acadêmica.","A infraestrutura de internet (Wi-Fi, rede cabeada) atende adequadamente a comunidade acadêmica.",787,17.7,21.1,19.3,24.7,17.3,41.9,38.8,3,2,"Marechal","Top_Melhorias"
"TOP_053","E5","EIXO 5 – INFRAESTRUTURA FÍSICA","D7","Dimensão 7: Infraestrutura Física","A manutenção predial está adequada para o desenvolvimento das ações pedagógicas e administrativas.","A manutenção predial (pintura) está adequada para o desenvolvimento das ações pedagógicas e administrativas.",785,17.1,19.7,25.9,22.8,14.5,37.3,36.8,3,2,"Marechal","Top_Melhorias"
"TOP_108","E6","Eixo 6 – Políticas de Gestão de Pessoal e Desenvolvimento Humano","D11","Dimensão 11: Políticas de Gestão de Pessoal e Desenvolvimento Humano","Disponho de equipamentos de segurança necessários para o desenvolvimento de minhas atividades e/ou Ergonomia.","Disponho de equipamentos de segurança (Equipamentos de proteção individual – EPI’s – jaleco, máscaras, luvas, etc.) necessários para o desenvolvimento de minhas atividades e/ou Ergonomia.",121,13.2,19,33.9,15.7,18.2,33.9,32.2,3,2,"Marechal","Top_Melhorias"
"TOP_096","E4","EIXO 4 – POLÍTICAS DE GESTÃO","D6","Dimensão 6: Organização e Gestão da Instituição","A distribuição de atividades didático-pedagógicas e administrativas respeita a carga horária e a complexidade das tarefas.","A distribuição de atividades didático-pedagógicas e administrativas respeita a carga horária e a complexidade das tarefas.",123,13.8,17.1,15.4,27.6,26,53.7,30.9,4,3,"Marechal","Top_Melhorias"
"TOP_112","E6","Eixo 6 – Políticas de Gestão de Pessoal e Desenvolvimento Humano","D11","Dimensão 11: Políticas de Gestão de Pessoal e Desenvolvimento Humano","O investimento em tecnologias é adequado para o desenvolvimento de meu trabalho","O investimento em tecnologias é adequado para o desenvolvimento de meu trabalho",121,14,16.5,16.5,33.1,19.8,52.9,30.6,4,2,"Marechal","Top_Melhorias"
"TOP_055","E5","EIXO 5 – INFRAESTRUTURA FÍSICA","D7","Dimensão 7: Infraestrutura Física","As salas de aula estão adequadamente equipadas.","As salas de aula estão adequadamente equipadas (mobiliário, iluminação, ventilação, acústica).",786,11.7,18.7,21,29.3,19.3,48.6,30.4,3,2,"Marechal","Top_Melhorias"
"TOP_018","E5","EIXO 5 – INFRAESTRUTURA FÍSICA","D7","Dimensão 7: Infraestrutura Física","Há suporte técnico e treinamento adequado para o uso das plataformas digitais.","Há suporte técnico e treinamento adequado para o uso das plataformas digitais.",785,11.6,18,29.9,24.7,15.8,40.5,29.6,3,2,"Marechal","Top_Melhorias"
"TOP_047","E4","EIXO 4 – POLÍTICAS DE GESTÃO","D5","Dimensão 5: Políticas de Pessoal","As informações institucionais são de fácil acesso para a comunidade acadêmica.","As informações institucionais são de fácil acesso para a comunidade acadêmica.",511,7.4,22.1,42.3,0,28.2,28.2,29.5,3,3,"Marechal","Top_Melhorias"
"TOP_061","E5","EIXO 5 – INFRAESTRUTURA FÍSICA","D7","Dimensão 7: Infraestrutura Física","Os recursos tecnológicos disponíveis nas salas são suficientes e funcionam adequadamente.","Os recursos tecnológicos disponíveis nas salas (projetores, computadores, internet) são suficientes e funcionam adequadamente.",787,11.1,18.2,21.1,30.9,18.8,49.7,29.2,3,2,"Marechal","Top_Melhorias"
"TOP_109","E6","Eixo 6 – Políticas de Gestão de Pessoal e Desenvolvimento Humano","D11","Dimensão 11: Políticas de Gestão de Pessoal e Desenvolvimento Humano","Me considero uma pessoa fisicamente saudável","Me considero uma pessoa fisicamente saudável",79,2.5,6.3,7.6,35.4,48.1,83.5,8.9,4,1,"Toledo","Top_Forcas"
"TOP_001","E2","EIXO 2 – DESENVOLVIMENTO INSTITUCIONAL","D3","Dimensão 3: Responsabilidade Social da Instituição","A Missão da UNIOESTE como instituição pública multicampi está sendo cumprida.","A Missão da UNIOESTE como instituição pública multicampi (de produzir, sistematizar e socializar o conhecimento, contribuir com o desenvolvimento humano, científico, tecnológico e regional, e comprometer-se com a justiça, a democracia, a cidadania e a responsabilidade social) está sendo cumprida.",272,1.1,4.8,14,36.4,43.8,80.1,5.9,4,1,"Toledo","Top_Forcas"
"TOP_002","E2","EIXO 2 – DESENVOLVIMENTO INSTITUCIONAL","D3","Dimensão 3: Responsabilidade Social da Instituição","A Visão da Universidade de ser referência como universidade pública na produção e socialização do conhecimento, comprometida com a formação de...","A Visão da Universidade de ser referência como universidade pública na produção e socialização do conhecimento, comprometida com a formação de profissionais para atuar com base em princípios éticos para o exercício da cidadania, está sendo alcançada.",272,1.1,5.5,13.6,32.7,47.1,79.8,6.6,4,1,"Toledo","Top_Forcas"
"TOP_110","E6","Eixo 6 – Políticas de Gestão de Pessoal e Desenvolvimento Humano","D11","Dimensão 11: Políticas de Gestão de Pessoal e Desenvolvimento Humano","Me sinto satisfeito em trabalhar na UNIOESTE","Me sinto satisfeito em trabalhar na UNIOESTE",79,3.8,8.9,7.6,26.6,53.2,79.7,12.7,5,1,"Toledo","Top_Forcas"
"TOP_006","E2","EIXO 2 – DESENVOLVIMENTO INSTITUCIONAL","D1","Dimensão 1: Missão e Plano de Desenvolvimento Institucional (PDI)","A Unioeste deveria ofertar novos cursos de pós-graduação.","A Unioeste deveria ofertar novos cursos de pós-graduação.",271,1.1,4.1,15.9,20.3,58.7,79,5.2,5,1,"Toledo","Top_Forcas"
"TOP_128","E3","EIXO 3 – POLÍTICAS ACADÊMICAS","D2","Dimensão 2: Políticas para o Ensino, a Pesquisa e a Extensão","Há oportunidades para a participação de estudantes em projetos de iniciação científica.","Há oportunidades para a participação de estudantes em projetos de iniciação científica.",217,2.3,4.6,14.7,30.9,47.5,78.3,6.9,4,1,"Toledo","Top_Forcas"
"TOP_005","E2","EIXO 2 – DESENVOLVIMENTO INSTITUCIONAL","D1","Dimensão 1: Missão e Plano de Desenvolvimento Institucional (PDI)","A Unioeste deveria ofertar novos cursos de graduação.","A Unioeste deveria ofertar novos cursos de graduação.",269,1.5,5.6,14.9,17.5,60.6,78.1,7.1,5,1,"Toledo","Top_Forcas"
"TOP_079","E3","EIXO 3 – POLÍTICAS ACADÊMICAS","D2","Dimensão 2: Políticas para o Ensino, a Pesquisa e a Extensão","As atividades de pesquisa e de iniciação científica implantadas são acompanhadas, com participação de professores e de estudantes.","As atividades de pesquisa e de iniciação científica implantadas são acompanhadas, com participação de professores e de estudantes.",263,1.5,4.2,16.3,35.4,42.6,77.9,5.7,4,1,"Toledo","Top_Forcas"
"TOP_077","E3","EIXO 3 – POLÍTICAS ACADÊMICAS","D2","Dimensão 2: Políticas para o Ensino, a Pesquisa e a Extensão","As atividades de extensão possuem relevância acadêmica, científica e social no entorno institucional, e estão vinculadas com a formação acadêmica...","As atividades de extensão possuem relevância acadêmica, científica e social no entorno institucional, e estão vinculadas com a formação acadêmica dos alunos.",264,2.7,5.7,14.4,29.5,47.7,77.3,8.3,4,1,"Toledo","Top_Forcas"
"TOP_107","E6","Eixo 6 – Políticas de Gestão de Pessoal e Desenvolvimento Humano","D11","Dimensão 11: Políticas de Gestão de Pessoal e Desenvolvimento Humano","Consigo equilibrar minha vida pessoal e profissional","Consigo equilibrar minha vida pessoal e profissional",79,10.1,6.3,6.3,34.2,43,77.2,16.5,4,1,"Toledo","Top_Forcas"
"TOP_116","E6","Eixo 6 – Políticas de Gestão de Pessoal e Desenvolvimento Humano","D11","Dimensão 11: Políticas de Gestão de Pessoal e Desenvolvimento Humano","Sofri assédio moral por parte de colegas ou chefes","Sofri assédio moral por parte de colegas ou chefes",79,53.2,6.3,11.4,12.7,16.5,29.1,59.5,1,3,"Toledo","Top_Melhorias"
"TOP_062","E5","EIXO 5 – INFRAESTRUTURA FÍSICA","D7","Dimensão 7: Infraestrutura Física","Os serviços de alimentação são suficientes e de qualidade.","Os serviços de alimentação (restaurante universitário e/ou cantina) são suficientes e de qualidade.",257,20.6,24.9,20.6,19.8,14,33.9,45.5,3,2,"Toledo","Top_Melhorias"
"TOP_120","E5","EIXO 5 – INFRAESTRUTURA FÍSICA","D7","Dimensão 7: Infraestrutura Física","As instalações gerais para a prática de esportes, atividades culturais e de lazer, espaços de convivência existem em quantidade e qualidade adequadas.","As instalações gerais para a prática de esportes, atividades culturais e de lazer, espaços de convivência existem em quantidade e qualidade adequadas.",256,12.5,24.2,26.6,19.9,16.8,36.7,36.7,3,2,"Toledo","Top_Melhorias"
"TOP_114","E6","Eixo 6 – Políticas de Gestão de Pessoal e Desenvolvimento Humano","D11","Dimensão 11: Políticas de Gestão de Pessoal e Desenvolvimento Humano","Recebo feedbacks de meu desempenho por parte de meu superior","Recebo feedbacks (retornos) de meu desempenho por parte de meu(s) superior(es)",79,21.5,13.9,17.7,16.5,30.4,46.8,35.4,3,3,"Toledo","Top_Melhorias"
"TOP_136","E4","EIXO 4 – POLÍTICAS DE GESTÃO","D5","Dimensão 5: Políticas de Pessoal","A estrutura organizacional é adequada para atender às demandas de ensino, pesquisa, extensão e de gestão.","A estrutura organizacional é adequada para atender às demandas de ensino, pesquisa, extensão e de gestão.",38,2.6,31.6,10.5,31.6,23.7,55.3,34.2,4,2,"Toledo","Top_Melhorias"
"TOP_040","E3","EIXO 3 – POLÍTICAS ACADÊMICAS","D9","Dimensão 9: Atendimento ao Estudante","Há acompanhamento institucional aos estudantes com baixo desempenho ou dificuldades de aprendizagem.","Há acompanhamento institucional aos estudantes com baixo desempenho ou dificuldades de aprendizagem.",217,15.7,18.4,27.2,21.2,17.5,38.7,34.1,3,2,"Toledo","Top_Melhorias"
"TOP_047","E4","EIXO 4 – POLÍTICAS DE GESTÃO","D5","Dimensão 5: Políticas de Pessoal","As informações institucionais são de fácil acesso para a comunidade acadêmica.","As informações institucionais são de fácil acesso para a comunidade acadêmica.",176,12.5,21.6,37.5,0,28.4,28.4,34.1,3,3,"Toledo","Top_Melhorias"
"TOP_124","E5","EIXO 5 – INFRAESTRUTURA FÍSICA","D7","Dimensão 7: Infraestrutura Física","Os espaços de convivência são adequados e acolhedores.","Os espaços de convivência (pátios, áreas de descanso, centros de vivência) são adequados e acolhedores.",257,11.7,22.2,17.5,29.2,19.5,48.6,33.9,3,2,"Toledo","Top_Melhorias"
"TOP_055","E5","EIXO 5 – INFRAESTRUTURA FÍSICA","D7","Dimensão 7: Infraestrutura Física","As salas de aula estão adequadamente equipadas.","As salas de aula estão adequadamente equipadas (mobiliário, iluminação, ventilação, acústica).",258,14.3,19.4,15.9,29.5,20.9,50.4,33.7,4,2,"Toledo","Top_Melhorias"
"TOP_019","E5","EIXO 5 – INFRAESTRUTURA FÍSICA","D7","Dimensão 7: Infraestrutura Física","Os ambientes da instituição são limpos e bem conservados.","Os ambientes da instituição são limpos e bem conservados.",265,11.3,21.9,17,32.5,17.4,49.8,33.2,3,2,"Toledo","Top_Melhorias"
"TOP_001","E2","EIXO 2 – DESENVOLVIMENTO INSTITUCIONAL","D3","Dimensão 3: Responsabilidade Social da Instituição","A Missão da UNIOESTE como instituição pública multicampi está sendo cumprida.","A Missão da UNIOESTE como instituição pública multicampi (de produzir, sistematizar e socializar o conhecimento, contribuir com o desenvolvimento humano, científico, tecnológico e regional, e comprometer-se com a justiça, a democracia, a cidadania e a responsabilidade social) está sendo cumprida.",89,0,0,5.6,31.5,62.9,94.4,0,5,1,"Reitoria","Top_Forcas"
"TOP_002","E2","EIXO 2 – DESENVOLVIMENTO INSTITUCIONAL","D3","Dimensão 3: Responsabilidade Social da Instituição","A Visão da Universidade de ser referência como universidade pública na produção e socialização do conhecimento, comprometida com a formação de...","A Visão da Universidade de ser referência como universidade pública na produção e socialização do conhecimento, comprometida com a formação de profissionais para atuar com base em princípios éticos para o exercício da cidadania, está sendo alcançada.",88,0,2.3,4.5,30.7,62.5,93.2,2.3,5,1,"Reitoria","Top_Forcas"
"TOP_042","E4","EIXO 4 – POLÍTICAS DE GESTÃO","D10","Dimensão 10: Sustentabilidade Financeira","A instituição busca alternativas de captação de recursos.","A instituição busca alternativas de captação de recursos (editais, parcerias, convênios).",79,1.3,1.3,8.9,26.6,62,88.6,2.5,5,1,"Reitoria","Top_Forcas"
"TOP_010","E3","EIXO 3 – POLÍTICAS ACADÊMICAS","D4","Dimensão 4: Comunicação com a Sociedade","A imagem da Unioeste é divulgada de forma ética e coerente, alinhada com a missão institucional.","A imagem da Unioeste é divulgada de forma ética e coerente, alinhada com a missão institucional.",89,0,6.7,6.7,28.1,58.4,86.5,6.7,5,1,"Reitoria","Top_Forcas"
"TOP_004","E5","EIXO 5 – INFRAESTRUTURA FÍSICA","D7","Dimensão 7: Infraestrutura Física","QUALIDADE GERAL DA UNIOESTE para o ensino, pesquisa e extensão é excelente.","QUALIDADE GERAL DA UNIOESTE para o ensino, pesquisa e extensão é excelente.",89,0,2.2,11.2,41.6,44.9,86.5,2.2,4,1,"Reitoria","Top_Forcas"
"TOP_077","E3","EIXO 3 – POLÍTICAS ACADÊMICAS","D2","Dimensão 2: Políticas para o Ensino, a Pesquisa e a Extensão","As atividades de extensão possuem relevância acadêmica, científica e social no entorno institucional, e estão vinculadas com a formação acadêmica...","As atividades de extensão possuem relevância acadêmica, científica e social no entorno institucional, e estão vinculadas com a formação acadêmica dos alunos.",81,0,2.5,11.1,27.2,59.3,86.4,2.5,5,1,"Reitoria","Top_Forcas"
"TOP_111","E6","Eixo 6 – Políticas de Gestão de Pessoal e Desenvolvimento Humano","D11","Dimensão 11: Políticas de Gestão de Pessoal e Desenvolvimento Humano","O ambiente onde trabalho permite expressão de diferenças religiosas, étnicas, políticas, de gênero e a pluralidade de ideias","O ambiente onde trabalho permite expressão de diferenças religiosas, étnicas, políticas, de gênero e a pluralidade de ideias",80,2.5,1.2,10,26.2,60,86.2,3.8,5,1,"Reitoria","Top_Forcas"
"TOP_006","E2","EIXO 2 – DESENVOLVIMENTO INSTITUCIONAL","D1","Dimensão 1: Missão e Plano de Desenvolvimento Institucional (PDI)","A Unioeste deveria ofertar novos cursos de pós-graduação.","A Unioeste deveria ofertar novos cursos de pós-graduação.",89,0,3.4,11.2,24.7,60.7,85.4,3.4,5,1,"Reitoria","Top_Forcas"
"TOP_007","E2","EIXO 2 – DESENVOLVIMENTO INSTITUCIONAL","D3","Dimensão 3: Responsabilidade Social da Instituição","As ações de responsabilidade e inclusão social praticadas pela UNIOESTE estão coerentes com o planejamento e executado nos documentos oficiais.","As ações de responsabilidade e inclusão social praticadas pela UNIOESTE estão coerentes com o planejamento (PDI) e executado nos documentos oficiais.",81,0,4.9,9.9,40.7,44.4,85.2,4.9,4,1,"Reitoria","Top_Forcas"
"TOP_110","E6","Eixo 6 – Políticas de Gestão de Pessoal e Desenvolvimento Humano","D11","Dimensão 11: Políticas de Gestão de Pessoal e Desenvolvimento Humano","Me sinto satisfeito em trabalhar na UNIOESTE","Me sinto satisfeito em trabalhar na UNIOESTE",80,1.2,7.5,6.2,18.8,66.2,85,8.8,5,1,"Reitoria","Top_Forcas"
"TOP_116","E6","Eixo 6 – Políticas de Gestão de Pessoal e Desenvolvimento Humano","D11","Dimensão 11: Políticas de Gestão de Pessoal e Desenvolvimento Humano","Sofri assédio moral por parte de colegas ou chefes","Sofri assédio moral por parte de colegas ou chefes",80,51.2,10,12.5,15,11.2,26.2,61.2,1,3,"Reitoria","Top_Melhorias"
"TOP_047","E4","EIXO 4 – POLÍTICAS DE GESTÃO","D5","Dimensão 5: Políticas de Pessoal","As informações institucionais são de fácil acesso para a comunidade acadêmica.","As informações institucionais são de fácil acesso para a comunidade acadêmica.",50,6,26,28,0,40,40,32,3,3,"Reitoria","Top_Melhorias"
"TOP_063","E5","EIXO 5 – INFRAESTRUTURA FÍSICA","D7","Dimensão 7: Infraestrutura Física","Os serviços de segurança patrimonial e vigilância garantem tranquilidade à comunidade.","Os serviços de segurança patrimonial e vigilância garantem tranquilidade à comunidade.",79,12.7,17.7,21.5,35.4,12.7,48.1,30.4,3,2,"Reitoria","Top_Melhorias"
"TOP_119","E5","EIXO 5 – INFRAESTRUTURA FÍSICA","D7","Dimensão 7: Infraestrutura Física","A universidade adota práticas sustentáveis.","A universidade adota práticas sustentáveis (uso racional de energia, coleta seletiva, reaproveitamento de água).",80,7.5,20,30,26.2,16.2,42.5,27.5,3,2,"Reitoria","Top_Melhorias"
