"Questionario","Publico_Alvo","Total_Respondentes","Percentual_Participacao","Campus"
"Q1","Discentes",2075,64.2,"Todos"
"Q2","Docentes",353,10.9,"Todos"
"Q3","Agentes Universitários",345,10.7,"Todos"
"Q4","NEADUNI Discentes",394,12.2,"Todos"
"Q5","HUOP",55,1.7,"Todos"
"Q6","Público Externo",8,0.2,"Todos"
"Q1","Discentes",459,64.6,"Cascavel"
"Q2","Docentes",121,17,"Cascavel"
"Q3","Agentes Universitários",122,17.2,"Cascavel"
"Q4","NEADUNI Discentes",0,0,"Cascavel"
"Q5","HUOP",0,0,"Cascavel"
"Q6","Público Externo",8,1.1,"Cascavel"
"Q1","Discentes",46,36.8,"Foz do Iguaçu"
"Q2","Docentes",38,30.4,"Foz do Iguaçu"
"Q3","Agentes Universitários",21,16.8,"Foz do Iguaçu"
"Q4","NEADUNI Discentes",12,9.6,"Foz do Iguaçu"
"Q5","HUOP",0,0,"Foz do Iguaçu"
"Q6","Público Externo",8,6.4,"Foz do Iguaçu"
"Q1","Discentes",705,86.2,"Francisco Beltrão"
"Q2","Docentes",67,8.2,"Francisco Beltrão"
"Q3","Agentes Universitários",38,4.6,"Francisco Beltrão"
"Q4","NEADUNI Discentes",0,0,"Francisco Beltrão"
"Q5","HUOP",0,0,"Francisco Beltrão"
"Q6","Público Externo",8,1,"Francisco Beltrão"
"Q1","Discentes",672,83.6,"Marechal"
"Q2","Docentes",87,10.8,"Marechal"
"Q3","Agentes Universitários",37,4.6,"Marechal"
"Q4","NEADUNI Discentes",0,0,"Marechal"
"Q5","HUOP",0,0,"Marechal"
"Q6","Público Externo",8,1,"Marechal"
"Q1","Discentes",183,67,"Toledo"
"Q2","Docentes",38,13.9,"Toledo"
"Q3","Agentes Universitários",44,16.1,"Toledo"
"Q4","NEADUNI Discentes",0,0,"Toledo"
"Q5","HUOP",0,0,"Toledo"
"Q6","Público Externo",8,2.9,"Toledo"
"Q1","Discentes",1,1.1,"Reitoria"
"Q2","Docentes",2,2.2,"Reitoria"
"Q3","Agentes Universitários",78,87.6,"Reitoria"
"Q4","NEADUNI Discentes",0,0,"Reitoria"
"Q5","HUOP",0,0,"Reitoria"
"Q6","Público Externo",8,9,"Reitoria"
